,pclass,age,sibsp,parch,fare,sex_female,sex_male
0,1.0,29.0,0.0,0.0,211.3375,1,0
1,1.0,0.9167,1.0,2.0,151.55,0,1
2,1.0,2.0,1.0,2.0,151.55,1,0
3,1.0,30.0,1.0,2.0,151.55,0,1
4,1.0,25.0,1.0,2.0,151.55,1,0
5,1.0,48.0,0.0,0.0,26.55,0,1
6,1.0,63.0,1.0,0.0,77.9583,1,0
7,1.0,39.0,0.0,0.0,0.0,0,1
8,1.0,53.0,2.0,0.0,51.4792,1,0
9,1.0,71.0,0.0,0.0,49.5042,0,1
10,1.0,47.0,1.0,0.0,227.525,0,1
11,1.0,18.0,1.0,0.0,227.525,1,0
12,1.0,24.0,0.0,0.0,69.3,1,0
13,1.0,26.0,0.0,0.0,78.85,1,0
14,1.0,80.0,0.0,0.0,30.0,0,1
15,1.0,,0.0,0.0,25.925,0,1
16,1.0,24.0,0.0,1.0,247.5208,0,1
17,1.0,50.0,0.0,1.0,247.5208,1,0
18,1.0,32.0,0.0,0.0,76.2917,1,0
19,1.0,36.0,0.0,0.0,75.2417,0,1
20,1.0,37.0,1.0,1.0,52.5542,0,1
21,1.0,47.0,1.0,1.0,52.5542,1,0
22,1.0,26.0,0.0,0.0,30.0,0,1
23,1.0,42.0,0.0,0.0,227.525,1,0
24,1.0,29.0,0.0,0.0,221.7792,1,0
25,1.0,25.0,0.0,0.0,26.0,0,1
26,1.0,25.0,1.0,0.0,91.0792,0,1
27,1.0,19.0,1.0,0.0,91.0792,1,0
28,1.0,35.0,0.0,0.0,135.6333,1,0
29,1.0,28.0,0.0,0.0,26.55,0,1
30,1.0,45.0,0.0,0.0,35.5,0,1
31,1.0,40.0,0.0,0.0,31.0,0,1
32,1.0,30.0,0.0,0.0,164.8667,1,0
33,1.0,58.0,0.0,0.0,26.55,1,0
34,1.0,42.0,0.0,0.0,26.55,0,1
35,1.0,45.0,0.0,0.0,262.375,1,0
36,1.0,22.0,0.0,1.0,55.0,1,0
37,1.0,,0.0,0.0,26.55,0,1
38,1.0,41.0,0.0,0.0,30.5,0,1
39,1.0,48.0,0.0,0.0,50.4958,0,1
40,1.0,,0.0,0.0,39.6,0,1
41,1.0,44.0,0.0,0.0,27.7208,1,0
42,1.0,59.0,2.0,0.0,51.4792,1,0
43,1.0,60.0,0.0,0.0,76.2917,1,0
44,1.0,41.0,0.0,0.0,134.5,1,0
45,1.0,45.0,0.0,0.0,26.55,0,1
46,1.0,,0.0,0.0,31.0,0,1
47,1.0,42.0,0.0,0.0,26.2875,0,1
48,1.0,53.0,0.0,0.0,27.4458,1,0
49,1.0,36.0,0.0,1.0,512.3292,0,1
50,1.0,58.0,0.0,1.0,512.3292,1,0
51,1.0,33.0,0.0,0.0,5.0,0,1
52,1.0,28.0,0.0,0.0,47.1,0,1
53,1.0,17.0,0.0,0.0,47.1,0,1
54,1.0,11.0,1.0,2.0,120.0,0,1
55,1.0,14.0,1.0,2.0,120.0,1,0
56,1.0,36.0,1.0,2.0,120.0,0,1
57,1.0,36.0,1.0,2.0,120.0,1,0
58,1.0,49.0,0.0,0.0,26.0,0,1
59,1.0,,0.0,0.0,27.7208,1,0
60,1.0,36.0,1.0,0.0,78.85,0,1
61,1.0,76.0,1.0,0.0,78.85,1,0
62,1.0,46.0,1.0,0.0,61.175,0,1
63,1.0,47.0,1.0,0.0,61.175,1,0
64,1.0,27.0,1.0,0.0,53.1,0,1
65,1.0,33.0,1.0,0.0,53.1,1,0
66,1.0,36.0,0.0,0.0,262.375,1,0
67,1.0,30.0,0.0,0.0,86.5,1,0
68,1.0,45.0,0.0,0.0,29.7,0,1
69,1.0,,0.0,1.0,55.0,1,0
70,1.0,,0.0,0.0,0.0,0,1
71,1.0,27.0,1.0,0.0,136.7792,0,1
72,1.0,26.0,1.0,0.0,136.7792,1,0
73,1.0,22.0,0.0,0.0,151.55,1,0
74,1.0,,0.0,0.0,52.0,0,1
75,1.0,47.0,0.0,0.0,25.5875,0,1
76,1.0,39.0,1.0,1.0,83.1583,1,0
77,1.0,37.0,1.0,1.0,83.1583,0,1
78,1.0,64.0,0.0,2.0,83.1583,1,0
79,1.0,55.0,2.0,0.0,25.7,1,0
80,1.0,,0.0,0.0,26.55,0,1
81,1.0,70.0,1.0,1.0,71.0,0,1
82,1.0,36.0,0.0,2.0,71.0,1,0
83,1.0,64.0,1.0,1.0,26.55,1,0
84,1.0,39.0,1.0,0.0,71.2833,0,1
85,1.0,38.0,1.0,0.0,71.2833,1,0
86,1.0,51.0,0.0,0.0,26.55,0,1
87,1.0,27.0,0.0,0.0,30.5,0,1
88,1.0,33.0,0.0,0.0,151.55,1,0
89,1.0,31.0,1.0,0.0,52.0,0,1
90,1.0,27.0,1.0,2.0,52.0,1,0
91,1.0,31.0,1.0,0.0,57.0,0,1
92,1.0,17.0,1.0,0.0,57.0,1,0
93,1.0,53.0,1.0,1.0,81.8583,0,1
94,1.0,4.0,0.0,2.0,81.8583,0,1
95,1.0,54.0,1.0,1.0,81.8583,1,0
96,1.0,50.0,1.0,0.0,106.425,0,1
97,1.0,27.0,1.0,1.0,247.5208,1,0
98,1.0,48.0,1.0,0.0,106.425,1,0
99,1.0,48.0,1.0,0.0,39.6,1,0
100,1.0,49.0,1.0,0.0,56.9292,0,1
101,1.0,39.0,0.0,0.0,29.7,0,1
102,1.0,23.0,0.0,1.0,83.1583,1,0
103,1.0,38.0,0.0,0.0,227.525,1,0
104,1.0,54.0,1.0,0.0,78.2667,1,0
105,1.0,36.0,0.0,0.0,31.6792,1,0
106,1.0,,0.0,0.0,221.7792,0,1
107,1.0,,0.0,0.0,31.6833,1,0
108,1.0,,0.0,0.0,110.8833,1,0
109,1.0,36.0,0.0,0.0,26.3875,0,1
110,1.0,30.0,0.0,0.0,27.75,0,1
111,1.0,24.0,3.0,2.0,263.0,1,0
112,1.0,28.0,3.0,2.0,263.0,1,0
113,1.0,23.0,3.0,2.0,263.0,1,0
114,1.0,19.0,3.0,2.0,263.0,0,1
115,1.0,64.0,1.0,4.0,263.0,0,1
116,1.0,60.0,1.0,4.0,263.0,1,0
117,1.0,30.0,0.0,0.0,56.9292,1,0
118,1.0,,0.0,0.0,26.55,0,1
119,1.0,50.0,2.0,0.0,133.65,0,1
120,1.0,43.0,1.0,0.0,27.7208,0,1
121,1.0,,1.0,0.0,133.65,1,0
122,1.0,22.0,0.0,2.0,49.5,1,0
123,1.0,60.0,1.0,1.0,79.2,0,1
124,1.0,48.0,1.0,1.0,79.2,1,0
125,1.0,,0.0,0.0,0.0,0,1
126,1.0,37.0,1.0,0.0,53.1,0,1
127,1.0,35.0,1.0,0.0,53.1,1,0
128,1.0,47.0,0.0,0.0,38.5,0,1
129,1.0,35.0,0.0,0.0,211.5,1,0
130,1.0,22.0,0.0,1.0,59.4,1,0
131,1.0,45.0,0.0,1.0,59.4,1,0
132,1.0,24.0,0.0,0.0,79.2,0,1
133,1.0,49.0,1.0,0.0,89.1042,0,1
134,1.0,,1.0,0.0,89.1042,1,0
135,1.0,71.0,0.0,0.0,34.6542,0,1
136,1.0,53.0,0.0,0.0,28.5,0,1
137,1.0,19.0,0.0,0.0,30.0,1,0
138,1.0,38.0,0.0,1.0,153.4625,0,1
139,1.0,58.0,0.0,1.0,153.4625,1,0
140,1.0,23.0,0.0,1.0,63.3583,0,1
141,1.0,45.0,0.0,1.0,63.3583,1,0
142,1.0,46.0,0.0,0.0,79.2,0,1
143,1.0,25.0,1.0,0.0,55.4417,0,1
144,1.0,25.0,1.0,0.0,55.4417,1,0
145,1.0,48.0,1.0,0.0,76.7292,0,1
146,1.0,49.0,1.0,0.0,76.7292,1,0
147,1.0,,0.0,0.0,42.4,0,1
148,1.0,45.0,1.0,0.0,83.475,0,1
149,1.0,35.0,1.0,0.0,83.475,1,0
150,1.0,40.0,0.0,0.0,0.0,0,1
151,1.0,27.0,0.0,0.0,76.7292,0,1
152,1.0,,0.0,0.0,30.0,0,1
153,1.0,24.0,0.0,0.0,83.1583,1,0
154,1.0,55.0,1.0,1.0,93.5,0,1
155,1.0,52.0,1.0,1.0,93.5,1,0
156,1.0,42.0,0.0,0.0,42.5,0,1
157,1.0,,0.0,0.0,51.8625,0,1
158,1.0,55.0,0.0,0.0,50.0,0,1
159,1.0,16.0,0.0,1.0,57.9792,1,0
160,1.0,44.0,0.0,1.0,57.9792,1,0
161,1.0,51.0,1.0,0.0,77.9583,1,0
162,1.0,42.0,1.0,0.0,52.0,0,1
163,1.0,35.0,1.0,0.0,52.0,1,0
164,1.0,35.0,0.0,0.0,26.55,0,1
165,1.0,38.0,1.0,0.0,90.0,0,1
166,1.0,,0.0,0.0,30.6958,0,1
167,1.0,35.0,1.0,0.0,90.0,1,0
168,1.0,38.0,0.0,0.0,80.0,1,0
169,1.0,50.0,0.0,0.0,28.7125,1,0
170,1.0,49.0,0.0,0.0,0.0,0,1
171,1.0,46.0,0.0,0.0,26.0,0,1
172,1.0,50.0,0.0,0.0,26.0,0,1
173,1.0,32.5,0.0,0.0,211.5,0,1
174,1.0,58.0,0.0,0.0,29.7,0,1
175,1.0,41.0,1.0,0.0,51.8625,0,1
176,1.0,,1.0,0.0,51.8625,1,0
177,1.0,42.0,1.0,0.0,52.5542,0,1
178,1.0,45.0,1.0,0.0,52.5542,1,0
179,1.0,,0.0,0.0,26.55,0,1
180,1.0,39.0,0.0,0.0,211.3375,1,0
181,1.0,49.0,0.0,0.0,25.9292,1,0
182,1.0,30.0,0.0,0.0,106.425,1,0
183,1.0,35.0,0.0,0.0,512.3292,0,1
184,1.0,,0.0,0.0,27.7208,0,1
185,1.0,42.0,0.0,0.0,26.55,0,1
186,1.0,55.0,0.0,0.0,27.7208,1,0
187,1.0,16.0,0.0,1.0,39.4,1,0
188,1.0,51.0,0.0,1.0,39.4,1,0
189,1.0,29.0,0.0,0.0,30.0,0,1
190,1.0,21.0,0.0,0.0,77.9583,1,0
191,1.0,30.0,0.0,0.0,45.5,0,1
192,1.0,58.0,0.0,0.0,146.5208,1,0
193,1.0,15.0,0.0,1.0,211.3375,1,0
194,1.0,30.0,0.0,0.0,26.0,0,1
195,1.0,16.0,0.0,0.0,86.5,1,0
196,1.0,,0.0,0.0,29.7,0,1
197,1.0,19.0,1.0,0.0,53.1,0,1
198,1.0,18.0,1.0,0.0,53.1,1,0
199,1.0,24.0,0.0,0.0,49.5042,1,0
200,1.0,46.0,0.0,0.0,75.2417,0,1
201,1.0,54.0,0.0,0.0,51.8625,0,1
202,1.0,36.0,0.0,0.0,26.2875,0,1
203,1.0,28.0,1.0,0.0,82.1708,0,1
204,1.0,,1.0,0.0,82.1708,1,0
205,1.0,65.0,0.0,0.0,26.55,0,1
206,1.0,44.0,2.0,0.0,90.0,0,1
207,1.0,33.0,1.0,0.0,90.0,1,0
208,1.0,37.0,1.0,0.0,90.0,1,0
209,1.0,30.0,1.0,0.0,57.75,0,1
210,1.0,55.0,0.0,0.0,30.5,0,1
211,1.0,47.0,0.0,0.0,42.4,0,1
212,1.0,37.0,0.0,1.0,29.7,0,1
213,1.0,31.0,1.0,0.0,113.275,1,0
214,1.0,23.0,1.0,0.0,113.275,1,0
215,1.0,58.0,0.0,2.0,113.275,0,1
216,1.0,19.0,0.0,2.0,26.2833,1,0
217,1.0,64.0,0.0,0.0,26.0,0,1
218,1.0,39.0,0.0,0.0,108.9,1,0
219,1.0,,0.0,0.0,25.7417,0,1
220,1.0,22.0,0.0,1.0,61.9792,1,0
221,1.0,65.0,0.0,1.0,61.9792,0,1
222,1.0,28.5,0.0,0.0,27.7208,0,1
223,1.0,,0.0,0.0,0.0,0,1
224,1.0,45.5,0.0,0.0,28.5,0,1
225,1.0,23.0,0.0,0.0,93.5,0,1
226,1.0,29.0,1.0,0.0,66.6,0,1
227,1.0,22.0,1.0,0.0,66.6,1,0
228,1.0,18.0,1.0,0.0,108.9,0,1
229,1.0,17.0,1.0,0.0,108.9,1,0
230,1.0,30.0,0.0,0.0,93.5,1,0
231,1.0,52.0,0.0,0.0,30.5,0,1
232,1.0,47.0,0.0,0.0,52.0,0,1
233,1.0,56.0,0.0,1.0,83.1583,1,0
234,1.0,38.0,0.0,0.0,0.0,0,1
235,1.0,,0.0,0.0,39.6,0,1
236,1.0,22.0,0.0,0.0,135.6333,0,1
237,1.0,,0.0,0.0,227.525,0,1
238,1.0,43.0,0.0,1.0,211.3375,1,0
239,1.0,31.0,0.0,0.0,50.4958,0,1
240,1.0,45.0,0.0,0.0,26.55,0,1
241,1.0,,0.0,0.0,50.0,0,1
242,1.0,33.0,0.0,0.0,27.7208,1,0
243,1.0,46.0,0.0,0.0,79.2,0,1
244,1.0,36.0,0.0,0.0,40.125,0,1
245,1.0,33.0,0.0,0.0,86.5,1,0
246,1.0,55.0,1.0,0.0,59.4,0,1
247,1.0,54.0,1.0,0.0,59.4,1,0
248,1.0,33.0,0.0,0.0,26.55,0,1
249,1.0,13.0,2.0,2.0,262.375,0,1
250,1.0,18.0,2.0,2.0,262.375,1,0
251,1.0,21.0,2.0,2.0,262.375,1,0
252,1.0,61.0,1.0,3.0,262.375,0,1
253,1.0,48.0,1.0,3.0,262.375,1,0
254,1.0,,0.0,0.0,30.5,0,1
255,1.0,24.0,0.0,0.0,69.3,1,0
256,1.0,,0.0,0.0,26.0,0,1
257,1.0,35.0,1.0,0.0,57.75,1,0
258,1.0,30.0,0.0,0.0,31.0,1,0
259,1.0,34.0,0.0,0.0,26.55,0,1
260,1.0,40.0,0.0,0.0,153.4625,1,0
261,1.0,35.0,0.0,0.0,26.2875,0,1
262,1.0,50.0,1.0,0.0,55.9,0,1
263,1.0,39.0,1.0,0.0,55.9,1,0
264,1.0,56.0,0.0,0.0,35.5,0,1
265,1.0,28.0,0.0,0.0,35.5,0,1
266,1.0,56.0,0.0,0.0,26.55,0,1
267,1.0,56.0,0.0,0.0,30.6958,0,1
268,1.0,24.0,1.0,0.0,60.0,0,1
269,1.0,,0.0,0.0,26.0,0,1
270,1.0,18.0,1.0,0.0,60.0,1,0
271,1.0,24.0,1.0,0.0,82.2667,0,1
272,1.0,23.0,1.0,0.0,82.2667,1,0
273,1.0,6.0,0.0,2.0,134.5,0,1
274,1.0,45.0,1.0,1.0,134.5,0,1
275,1.0,40.0,1.0,1.0,134.5,1,0
276,1.0,57.0,1.0,0.0,146.5208,0,1
277,1.0,,1.0,0.0,146.5208,1,0
278,1.0,32.0,0.0,0.0,30.5,0,1
279,1.0,62.0,0.0,0.0,26.55,0,1
280,1.0,54.0,1.0,0.0,55.4417,0,1
281,1.0,43.0,1.0,0.0,55.4417,1,0
282,1.0,52.0,1.0,0.0,78.2667,1,0
283,1.0,,0.0,0.0,27.7208,0,1
284,1.0,62.0,0.0,0.0,80.0,1,0
285,1.0,67.0,1.0,0.0,221.7792,0,1
286,1.0,63.0,1.0,0.0,221.7792,1,0
287,1.0,61.0,0.0,0.0,32.3208,0,1
288,1.0,48.0,0.0,0.0,25.9292,1,0
289,1.0,18.0,0.0,2.0,79.65,1,0
290,1.0,52.0,1.0,1.0,79.65,0,1
291,1.0,39.0,1.0,1.0,79.65,1,0
292,1.0,48.0,1.0,0.0,52.0,0,1
293,1.0,,1.0,0.0,52.0,1,0
294,1.0,49.0,1.0,1.0,110.8833,0,1
295,1.0,17.0,0.0,2.0,110.8833,0,1
296,1.0,39.0,1.0,1.0,110.8833,1,0
297,1.0,,0.0,0.0,79.2,1,0
298,1.0,31.0,0.0,0.0,28.5375,0,1
299,1.0,40.0,0.0,0.0,27.7208,0,1
300,1.0,61.0,0.0,0.0,33.5,0,1
301,1.0,47.0,0.0,0.0,34.0208,0,1
302,1.0,35.0,0.0,0.0,512.3292,1,0
303,1.0,64.0,1.0,0.0,75.25,0,1
304,1.0,60.0,1.0,0.0,75.25,1,0
305,1.0,60.0,0.0,0.0,26.55,0,1
306,1.0,54.0,0.0,1.0,77.2875,0,1
307,1.0,21.0,0.0,1.0,77.2875,0,1
308,1.0,55.0,0.0,0.0,135.6333,1,0
309,1.0,31.0,0.0,2.0,164.8667,1,0
310,1.0,57.0,1.0,1.0,164.8667,0,1
311,1.0,45.0,1.0,1.0,164.8667,1,0
312,1.0,50.0,1.0,1.0,211.5,0,1
313,1.0,27.0,0.0,2.0,211.5,0,1
314,1.0,50.0,1.0,1.0,211.5,1,0
315,1.0,21.0,0.0,0.0,26.55,1,0
316,1.0,51.0,0.0,1.0,61.3792,0,1
317,1.0,21.0,0.0,1.0,61.3792,0,1
318,1.0,,0.0,0.0,35.0,0,1
319,1.0,31.0,0.0,0.0,134.5,1,0
320,1.0,,0.0,0.0,35.5,0,1
321,1.0,62.0,0.0,0.0,26.55,0,1
322,1.0,36.0,0.0,0.0,135.6333,1,0
323,2.0,30.0,1.0,0.0,24.0,0,1
324,2.0,28.0,1.0,0.0,24.0,1,0
325,2.0,30.0,0.0,0.0,13.0,0,1
326,2.0,18.0,0.0,0.0,11.5,0,1
327,2.0,25.0,0.0,0.0,10.5,0,1
328,2.0,34.0,1.0,0.0,26.0,0,1
329,2.0,36.0,1.0,0.0,26.0,1,0
330,2.0,57.0,0.0,0.0,13.0,0,1
331,2.0,18.0,0.0,0.0,11.5,0,1
332,2.0,23.0,0.0,0.0,10.5,0,1
333,2.0,36.0,0.0,0.0,13.0,1,0
334,2.0,28.0,0.0,0.0,10.5,0,1
335,2.0,51.0,0.0,0.0,12.525,0,1
336,2.0,32.0,1.0,0.0,26.0,0,1
337,2.0,19.0,1.0,0.0,26.0,1,0
338,2.0,28.0,0.0,0.0,26.0,0,1
339,2.0,1.0,2.0,1.0,39.0,0,1
340,2.0,4.0,2.0,1.0,39.0,1,0
341,2.0,12.0,2.0,1.0,39.0,1,0
342,2.0,36.0,0.0,3.0,39.0,1,0
343,2.0,34.0,0.0,0.0,13.0,0,1
344,2.0,19.0,0.0,0.0,13.0,1,0
345,2.0,23.0,0.0,0.0,13.0,0,1
346,2.0,26.0,0.0,0.0,13.0,0,1
347,2.0,42.0,0.0,0.0,13.0,0,1
348,2.0,27.0,0.0,0.0,13.0,0,1
349,2.0,24.0,0.0,0.0,13.0,1,0
350,2.0,15.0,0.0,2.0,39.0,1,0
351,2.0,60.0,1.0,1.0,39.0,0,1
352,2.0,40.0,1.0,1.0,39.0,1,0
353,2.0,20.0,1.0,0.0,26.0,1,0
354,2.0,25.0,1.0,0.0,26.0,0,1
355,2.0,36.0,0.0,0.0,13.0,1,0
356,2.0,25.0,0.0,0.0,13.0,0,1
357,2.0,42.0,0.0,0.0,13.0,0,1
358,2.0,42.0,0.0,0.0,13.0,1,0
359,2.0,0.8333,0.0,2.0,29.0,0,1
360,2.0,26.0,1.0,1.0,29.0,0,1
361,2.0,22.0,1.0,1.0,29.0,1,0
362,2.0,35.0,0.0,0.0,21.0,1,0
363,2.0,,0.0,0.0,0.0,0,1
364,2.0,19.0,0.0,0.0,13.0,0,1
365,2.0,44.0,1.0,0.0,26.0,1,0
366,2.0,54.0,1.0,0.0,26.0,0,1
367,2.0,52.0,0.0,0.0,13.5,0,1
368,2.0,37.0,1.0,0.0,26.0,0,1
369,2.0,29.0,1.0,0.0,26.0,1,0
370,2.0,25.0,1.0,1.0,30.0,1,0
371,2.0,45.0,0.0,2.0,30.0,1,0
372,2.0,29.0,1.0,0.0,26.0,0,1
373,2.0,28.0,1.0,0.0,26.0,1,0
374,2.0,29.0,0.0,0.0,10.5,0,1
375,2.0,28.0,0.0,0.0,13.0,0,1
376,2.0,24.0,0.0,0.0,10.5,0,1
377,2.0,8.0,0.0,2.0,26.25,1,0
378,2.0,31.0,1.0,1.0,26.25,0,1
379,2.0,31.0,1.0,1.0,26.25,1,0
380,2.0,22.0,0.0,0.0,10.5,1,0
381,2.0,30.0,0.0,0.0,13.0,1,0
382,2.0,,0.0,0.0,21.0,1,0
383,2.0,21.0,0.0,0.0,11.5,0,1
384,2.0,,0.0,0.0,0.0,0,1
385,2.0,8.0,1.0,1.0,36.75,0,1
386,2.0,18.0,0.0,0.0,73.5,0,1
387,2.0,48.0,0.0,2.0,36.75,1,0
388,2.0,28.0,0.0,0.0,13.0,1,0
389,2.0,32.0,0.0,0.0,13.0,0,1
390,2.0,17.0,0.0,0.0,73.5,0,1
391,2.0,29.0,1.0,0.0,27.7208,0,1
392,2.0,24.0,1.0,0.0,27.7208,1,0
393,2.0,25.0,0.0,0.0,31.5,0,1
394,2.0,18.0,0.0,0.0,73.5,0,1
395,2.0,18.0,0.0,1.0,23.0,1,0
396,2.0,34.0,0.0,1.0,23.0,1,0
397,2.0,54.0,0.0,0.0,26.0,0,1
398,2.0,8.0,0.0,2.0,32.5,0,1
399,2.0,42.0,1.0,1.0,32.5,0,1
400,2.0,34.0,1.0,1.0,32.5,1,0
401,2.0,27.0,1.0,0.0,13.8583,1,0
402,2.0,30.0,1.0,0.0,13.8583,1,0
403,2.0,23.0,0.0,0.0,13.0,0,1
404,2.0,21.0,0.0,0.0,13.0,0,1
405,2.0,18.0,0.0,0.0,13.0,0,1
406,2.0,40.0,1.0,0.0,26.0,0,1
407,2.0,29.0,1.0,0.0,26.0,1,0
408,2.0,18.0,0.0,0.0,10.5,0,1
409,2.0,36.0,0.0,0.0,13.0,0,1
410,2.0,,0.0,0.0,0.0,0,1
411,2.0,38.0,0.0,0.0,13.0,1,0
412,2.0,35.0,0.0,0.0,26.0,0,1
413,2.0,38.0,1.0,0.0,21.0,0,1
414,2.0,34.0,1.0,0.0,21.0,0,1
415,2.0,34.0,0.0,0.0,13.0,1,0
416,2.0,16.0,0.0,0.0,26.0,0,1
417,2.0,26.0,0.0,0.0,10.5,0,1
418,2.0,47.0,0.0,0.0,10.5,0,1
419,2.0,21.0,1.0,0.0,11.5,0,1
420,2.0,21.0,1.0,0.0,11.5,0,1
421,2.0,24.0,0.0,0.0,13.5,0,1
422,2.0,24.0,0.0,0.0,13.0,0,1
423,2.0,34.0,0.0,0.0,13.0,0,1
424,2.0,30.0,0.0,0.0,13.0,0,1
425,2.0,52.0,0.0,0.0,13.0,0,1
426,2.0,30.0,0.0,0.0,13.0,0,1
427,2.0,0.6667,1.0,1.0,14.5,0,1
428,2.0,24.0,0.0,2.0,14.5,1,0
429,2.0,44.0,0.0,0.0,13.0,0,1
430,2.0,6.0,0.0,1.0,33.0,1,0
431,2.0,28.0,0.0,1.0,33.0,0,1
432,2.0,62.0,0.0,0.0,10.5,0,1
433,2.0,30.0,0.0,0.0,10.5,0,1
434,2.0,7.0,0.0,2.0,26.25,1,0
435,2.0,43.0,1.0,1.0,26.25,0,1
436,2.0,45.0,1.0,1.0,26.25,1,0
437,2.0,24.0,1.0,2.0,65.0,1,0
438,2.0,24.0,1.0,2.0,65.0,1,0
439,2.0,49.0,1.0,2.0,65.0,0,1
440,2.0,48.0,1.0,2.0,65.0,1,0
441,2.0,55.0,0.0,0.0,16.0,1,0
442,2.0,24.0,2.0,0.0,73.5,0,1
443,2.0,32.0,2.0,0.0,73.5,0,1
444,2.0,21.0,2.0,0.0,73.5,0,1
445,2.0,18.0,1.0,1.0,13.0,1,0
446,2.0,20.0,2.0,1.0,23.0,1,0
447,2.0,23.0,2.0,1.0,11.5,0,1
448,2.0,36.0,0.0,0.0,13.0,0,1
449,2.0,54.0,1.0,3.0,23.0,1,0
450,2.0,50.0,0.0,0.0,13.0,0,1
451,2.0,44.0,1.0,0.0,26.0,0,1
452,2.0,29.0,1.0,0.0,26.0,1,0
453,2.0,21.0,0.0,0.0,73.5,0,1
454,2.0,42.0,0.0,0.0,13.0,0,1
455,2.0,63.0,1.0,0.0,26.0,0,1
456,2.0,60.0,1.0,0.0,26.0,1,0
457,2.0,33.0,0.0,0.0,12.275,0,1
458,2.0,17.0,0.0,0.0,10.5,1,0
459,2.0,42.0,1.0,0.0,27.0,0,1
460,2.0,24.0,2.0,1.0,27.0,1,0
461,2.0,47.0,0.0,0.0,15.0,0,1
462,2.0,24.0,2.0,0.0,31.5,0,1
463,2.0,22.0,2.0,0.0,31.5,0,1
464,2.0,32.0,0.0,0.0,10.5,0,1
465,2.0,23.0,0.0,0.0,13.7917,1,0
466,2.0,34.0,1.0,0.0,26.0,0,1
467,2.0,24.0,1.0,0.0,26.0,1,0
468,2.0,22.0,0.0,0.0,21.0,1,0
469,2.0,,0.0,0.0,12.35,1,0
470,2.0,35.0,0.0,0.0,12.35,0,1
471,2.0,45.0,0.0,0.0,13.5,1,0
472,2.0,57.0,0.0,0.0,12.35,0,1
473,2.0,,0.0,0.0,0.0,0,1
474,2.0,31.0,0.0,0.0,10.5,0,1
475,2.0,26.0,1.0,1.0,26.0,1,0
476,2.0,30.0,1.0,1.0,26.0,0,1
477,2.0,,0.0,0.0,10.7083,0,1
478,2.0,1.0,1.0,2.0,41.5792,1,0
479,2.0,3.0,1.0,2.0,41.5792,1,0
480,2.0,25.0,1.0,2.0,41.5792,0,1
481,2.0,22.0,1.0,2.0,41.5792,1,0
482,2.0,17.0,0.0,0.0,12.0,1,0
483,2.0,,0.0,0.0,33.0,1,0
484,2.0,34.0,0.0,0.0,10.5,1,0
485,2.0,36.0,0.0,0.0,12.875,0,1
486,2.0,24.0,0.0,0.0,10.5,0,1
487,2.0,61.0,0.0,0.0,12.35,0,1
488,2.0,50.0,1.0,0.0,26.0,0,1
489,2.0,42.0,1.0,0.0,26.0,1,0
490,2.0,57.0,0.0,0.0,10.5,1,0
491,2.0,,0.0,0.0,15.0458,0,1
492,2.0,1.0,0.0,2.0,37.0042,0,1
493,2.0,31.0,1.0,1.0,37.0042,0,1
494,2.0,24.0,1.0,1.0,37.0042,1,0
495,2.0,,0.0,0.0,15.5792,0,1
496,2.0,30.0,0.0,0.0,13.0,0,1
497,2.0,40.0,0.0,0.0,16.0,0,1
498,2.0,32.0,0.0,0.0,13.5,0,1
499,2.0,30.0,0.0,0.0,13.0,0,1
500,2.0,46.0,0.0,0.0,26.0,0,1
501,2.0,13.0,0.0,1.0,19.5,1,0
502,2.0,41.0,0.0,1.0,19.5,1,0
503,2.0,19.0,0.0,0.0,10.5,0,1
504,2.0,39.0,0.0,0.0,13.0,0,1
505,2.0,48.0,0.0,0.0,13.0,0,1
506,2.0,70.0,0.0,0.0,10.5,0,1
507,2.0,27.0,0.0,0.0,13.0,0,1
508,2.0,54.0,0.0,0.0,14.0,0,1
509,2.0,39.0,0.0,0.0,26.0,0,1
510,2.0,16.0,0.0,0.0,10.5,0,1
511,2.0,62.0,0.0,0.0,9.6875,0,1
512,2.0,32.5,1.0,0.0,30.0708,0,1
513,2.0,14.0,1.0,0.0,30.0708,1,0
514,2.0,2.0,1.0,1.0,26.0,0,1
515,2.0,3.0,1.0,1.0,26.0,0,1
516,2.0,36.5,0.0,2.0,26.0,0,1
517,2.0,26.0,0.0,0.0,13.0,0,1
518,2.0,19.0,1.0,1.0,36.75,0,1
519,2.0,28.0,0.0,0.0,13.5,0,1
520,2.0,20.0,0.0,0.0,13.8625,0,1
521,2.0,29.0,0.0,0.0,10.5,1,0
522,2.0,39.0,0.0,0.0,13.0,0,1
523,2.0,22.0,0.0,0.0,10.5,0,1
524,2.0,,0.0,0.0,13.8625,0,1
525,2.0,23.0,0.0,0.0,10.5,0,1
526,2.0,29.0,0.0,0.0,13.8583,0,1
527,2.0,28.0,0.0,0.0,10.5,0,1
528,2.0,,0.0,0.0,0.0,0,1
529,2.0,50.0,0.0,1.0,26.0,1,0
530,2.0,19.0,0.0,0.0,10.5,0,1
531,2.0,,0.0,0.0,15.05,0,1
532,2.0,41.0,0.0,0.0,13.0,0,1
533,2.0,21.0,0.0,1.0,21.0,1,0
534,2.0,19.0,0.0,0.0,26.0,1,0
535,2.0,43.0,0.0,1.0,21.0,0,1
536,2.0,32.0,0.0,0.0,13.0,1,0
537,2.0,34.0,0.0,0.0,13.0,0,1
538,2.0,30.0,0.0,0.0,12.7375,0,1
539,2.0,27.0,0.0,0.0,15.0333,0,1
540,2.0,2.0,1.0,1.0,26.0,1,0
541,2.0,8.0,1.0,1.0,26.0,1,0
542,2.0,33.0,0.0,2.0,26.0,1,0
543,2.0,36.0,0.0,0.0,10.5,0,1
544,2.0,34.0,1.0,0.0,21.0,0,1
545,2.0,30.0,3.0,0.0,21.0,1,0
546,2.0,28.0,0.0,0.0,13.0,1,0
547,2.0,23.0,0.0,0.0,15.0458,0,1
548,2.0,0.8333,1.0,1.0,18.75,0,1
549,2.0,3.0,1.0,1.0,18.75,0,1
550,2.0,24.0,2.0,3.0,18.75,1,0
551,2.0,50.0,0.0,0.0,10.5,1,0
552,2.0,19.0,0.0,0.0,10.5,0,1
553,2.0,21.0,0.0,0.0,10.5,1,0
554,2.0,26.0,0.0,0.0,13.0,0,1
555,2.0,25.0,0.0,0.0,13.0,0,1
556,2.0,27.0,0.0,0.0,26.0,0,1
557,2.0,25.0,0.0,1.0,26.0,1,0
558,2.0,18.0,0.0,2.0,13.0,1,0
559,2.0,20.0,0.0,0.0,36.75,1,0
560,2.0,30.0,0.0,0.0,13.0,1,0
561,2.0,59.0,0.0,0.0,13.5,0,1
562,2.0,30.0,0.0,0.0,12.35,1,0
563,2.0,35.0,0.0,0.0,10.5,0,1
564,2.0,40.0,0.0,0.0,13.0,1,0
565,2.0,25.0,0.0,0.0,13.0,0,1
566,2.0,41.0,0.0,0.0,15.0458,0,1
567,2.0,25.0,0.0,0.0,10.5,0,1
568,2.0,18.5,0.0,0.0,13.0,0,1
569,2.0,14.0,0.0,0.0,65.0,0,1
570,2.0,50.0,0.0,0.0,10.5,1,0
571,2.0,23.0,0.0,0.0,13.0,0,1
572,2.0,28.0,0.0,0.0,12.65,1,0
573,2.0,27.0,0.0,0.0,10.5,1,0
574,2.0,29.0,1.0,0.0,21.0,0,1
575,2.0,27.0,1.0,0.0,21.0,1,0
576,2.0,40.0,0.0,0.0,13.0,0,1
577,2.0,31.0,0.0,0.0,21.0,1,0
578,2.0,30.0,1.0,0.0,21.0,0,1
579,2.0,23.0,1.0,0.0,10.5,0,1
580,2.0,31.0,0.0,0.0,21.0,1,0
581,2.0,,0.0,0.0,0.0,0,1
582,2.0,12.0,0.0,0.0,15.75,1,0
583,2.0,40.0,0.0,0.0,15.75,1,0
584,2.0,32.5,0.0,0.0,13.0,1,0
585,2.0,27.0,1.0,0.0,26.0,0,1
586,2.0,29.0,1.0,0.0,26.0,1,0
587,2.0,2.0,1.0,1.0,23.0,0,1
588,2.0,4.0,1.0,1.0,23.0,1,0
589,2.0,29.0,0.0,2.0,23.0,1,0
590,2.0,0.9167,1.0,2.0,27.75,1,0
591,2.0,5.0,1.0,2.0,27.75,1,0
592,2.0,36.0,1.0,2.0,27.75,0,1
593,2.0,33.0,1.0,2.0,27.75,1,0
594,2.0,66.0,0.0,0.0,10.5,0,1
595,2.0,,0.0,0.0,12.875,0,1
596,2.0,31.0,0.0,0.0,13.0,0,1
597,2.0,,0.0,0.0,13.0,0,1
598,2.0,26.0,0.0,0.0,13.5,1,0
599,2.0,24.0,0.0,0.0,13.0,1,0
600,3.0,42.0,0.0,0.0,7.55,0,1
601,3.0,13.0,0.0,2.0,20.25,0,1
602,3.0,16.0,1.0,1.0,20.25,0,1
603,3.0,35.0,1.0,1.0,20.25,1,0
604,3.0,16.0,0.0,0.0,7.65,1,0
605,3.0,25.0,0.0,0.0,7.65,0,1
606,3.0,20.0,0.0,0.0,7.925,0,1
607,3.0,18.0,0.0,0.0,7.2292,1,0
608,3.0,30.0,0.0,0.0,7.25,0,1
609,3.0,26.0,0.0,0.0,8.05,0,1
610,3.0,40.0,1.0,0.0,9.475,1,0
611,3.0,0.8333,0.0,1.0,9.35,0,1
612,3.0,18.0,0.0,1.0,9.35,1,0
613,3.0,26.0,0.0,0.0,18.7875,0,1
614,3.0,26.0,0.0,0.0,7.8875,0,1
615,3.0,20.0,0.0,0.0,7.925,0,1
616,3.0,24.0,0.0,0.0,7.05,0,1
617,3.0,25.0,0.0,0.0,7.05,0,1
618,3.0,35.0,0.0,0.0,8.05,0,1
619,3.0,18.0,0.0,0.0,8.3,0,1
620,3.0,32.0,0.0,0.0,22.525,0,1
621,3.0,19.0,1.0,0.0,7.8542,1,0
622,3.0,4.0,4.0,2.0,31.275,0,1
623,3.0,6.0,4.0,2.0,31.275,1,0
624,3.0,2.0,4.0,2.0,31.275,1,0
625,3.0,17.0,4.0,2.0,7.925,1,0
626,3.0,38.0,4.0,2.0,7.775,1,0
627,3.0,9.0,4.0,2.0,31.275,1,0
628,3.0,11.0,4.0,2.0,31.275,1,0
629,3.0,39.0,1.0,5.0,31.275,0,1
630,3.0,27.0,0.0,0.0,7.7958,0,1
631,3.0,26.0,0.0,0.0,7.775,0,1
632,3.0,39.0,1.0,5.0,31.275,1,0
633,3.0,20.0,0.0,0.0,7.8542,0,1
634,3.0,26.0,0.0,0.0,7.8958,0,1
635,3.0,25.0,1.0,0.0,17.8,0,1
636,3.0,18.0,1.0,0.0,17.8,1,0
637,3.0,24.0,0.0,0.0,7.775,0,1
638,3.0,35.0,0.0,0.0,7.05,0,1
639,3.0,5.0,4.0,2.0,31.3875,0,1
640,3.0,9.0,4.0,2.0,31.3875,0,1
641,3.0,3.0,4.0,2.0,31.3875,0,1
642,3.0,13.0,4.0,2.0,31.3875,0,1
643,3.0,5.0,4.0,2.0,31.3875,1,0
644,3.0,40.0,1.0,5.0,31.3875,0,1
645,3.0,23.0,0.0,0.0,7.7958,0,1
646,3.0,38.0,1.0,5.0,31.3875,1,0
647,3.0,45.0,0.0,0.0,7.225,1,0
648,3.0,21.0,0.0,0.0,7.225,0,1
649,3.0,23.0,0.0,0.0,7.05,0,1
650,3.0,17.0,0.0,0.0,14.4583,1,0
651,3.0,30.0,0.0,0.0,7.225,0,1
652,3.0,23.0,0.0,0.0,7.8542,0,1
653,3.0,13.0,0.0,0.0,7.2292,1,0
654,3.0,20.0,0.0,0.0,7.225,0,1
655,3.0,32.0,1.0,0.0,15.85,0,1
656,3.0,33.0,3.0,0.0,15.85,1,0
657,3.0,0.75,2.0,1.0,19.2583,1,0
658,3.0,0.75,2.0,1.0,19.2583,1,0
659,3.0,5.0,2.0,1.0,19.2583,1,0
660,3.0,24.0,0.0,3.0,19.2583,1,0
661,3.0,18.0,0.0,0.0,8.05,1,0
662,3.0,40.0,0.0,0.0,7.225,0,1
663,3.0,26.0,0.0,0.0,7.8958,0,1
664,3.0,20.0,0.0,0.0,7.2292,0,1
665,3.0,18.0,0.0,1.0,14.4542,1,0
666,3.0,45.0,0.0,1.0,14.4542,1,0
667,3.0,27.0,0.0,0.0,7.8792,1,0
668,3.0,22.0,0.0,0.0,8.05,0,1
669,3.0,19.0,0.0,0.0,8.05,0,1
670,3.0,26.0,0.0,0.0,7.775,0,1
671,3.0,22.0,0.0,0.0,9.35,0,1
672,3.0,,0.0,0.0,7.2292,0,1
673,3.0,20.0,0.0,0.0,4.0125,0,1
674,3.0,32.0,0.0,0.0,56.4958,0,1
675,3.0,21.0,0.0,0.0,7.775,0,1
676,3.0,18.0,0.0,0.0,7.75,0,1
677,3.0,26.0,0.0,0.0,7.8958,0,1
678,3.0,6.0,1.0,1.0,15.2458,0,1
679,3.0,9.0,1.0,1.0,15.2458,1,0
680,3.0,,0.0,0.0,7.225,0,1
681,3.0,,0.0,2.0,15.2458,1,0
682,3.0,,0.0,2.0,7.75,1,0
683,3.0,40.0,1.0,1.0,15.5,0,1
684,3.0,32.0,1.0,1.0,15.5,1,0
685,3.0,21.0,0.0,0.0,16.1,0,1
686,3.0,22.0,0.0,0.0,7.725,1,0
687,3.0,20.0,0.0,0.0,7.8542,1,0
688,3.0,29.0,1.0,0.0,7.0458,0,1
689,3.0,22.0,1.0,0.0,7.25,0,1
690,3.0,22.0,0.0,0.0,7.7958,0,1
691,3.0,35.0,0.0,0.0,8.05,0,1
692,3.0,18.5,0.0,0.0,7.2833,1,0
693,3.0,21.0,0.0,0.0,7.8208,0,1
694,3.0,19.0,0.0,0.0,6.75,0,1
695,3.0,18.0,0.0,0.0,7.8792,1,0
696,3.0,21.0,0.0,0.0,8.6625,1,0
697,3.0,30.0,0.0,0.0,8.6625,1,0
698,3.0,18.0,0.0,0.0,8.6625,0,1
699,3.0,38.0,0.0,0.0,8.6625,0,1
700,3.0,17.0,0.0,0.0,8.6625,0,1
701,3.0,17.0,0.0,0.0,8.6625,0,1
702,3.0,21.0,0.0,0.0,7.75,1,0
703,3.0,21.0,0.0,0.0,7.75,0,1
704,3.0,21.0,0.0,0.0,8.05,0,1
705,3.0,,1.0,0.0,14.4583,0,1
706,3.0,,1.0,0.0,14.4583,1,0
707,3.0,28.0,0.0,0.0,7.7958,0,1
708,3.0,24.0,0.0,0.0,7.8542,0,1
709,3.0,16.0,0.0,0.0,7.75,1,0
710,3.0,37.0,0.0,0.0,7.75,1,0
711,3.0,28.0,0.0,0.0,7.25,0,1
712,3.0,24.0,0.0,0.0,8.05,0,1
713,3.0,21.0,0.0,0.0,7.7333,0,1
714,3.0,32.0,0.0,0.0,56.4958,0,1
715,3.0,29.0,0.0,0.0,8.05,0,1
716,3.0,26.0,1.0,0.0,14.4542,0,1
717,3.0,18.0,1.0,0.0,14.4542,0,1
718,3.0,20.0,0.0,0.0,7.05,0,1
719,3.0,18.0,0.0,0.0,8.05,0,1
720,3.0,24.0,0.0,0.0,7.25,0,1
721,3.0,36.0,0.0,0.0,7.4958,0,1
722,3.0,24.0,0.0,0.0,7.4958,0,1
723,3.0,31.0,0.0,0.0,7.7333,0,1
724,3.0,31.0,0.0,0.0,7.75,0,1
725,3.0,22.0,0.0,0.0,7.75,1,0
726,3.0,30.0,0.0,0.0,7.6292,1,0
727,3.0,70.5,0.0,0.0,7.75,0,1
728,3.0,43.0,0.0,0.0,8.05,0,1
729,3.0,35.0,0.0,0.0,7.8958,0,1
730,3.0,27.0,0.0,0.0,7.8958,0,1
731,3.0,19.0,0.0,0.0,7.8958,0,1
732,3.0,30.0,0.0,0.0,8.05,0,1
733,3.0,9.0,1.0,1.0,15.9,0,1
734,3.0,3.0,1.0,1.0,15.9,0,1
735,3.0,36.0,0.0,2.0,15.9,1,0
736,3.0,59.0,0.0,0.0,7.25,0,1
737,3.0,19.0,0.0,0.0,8.1583,0,1
738,3.0,17.0,0.0,1.0,16.1,1,0
739,3.0,44.0,0.0,1.0,16.1,0,1
740,3.0,17.0,0.0,0.0,8.6625,0,1
741,3.0,22.5,0.0,0.0,7.225,0,1
742,3.0,45.0,0.0,0.0,8.05,0,1
743,3.0,22.0,0.0,0.0,10.5167,1,0
744,3.0,19.0,0.0,0.0,10.1708,0,1
745,3.0,30.0,0.0,0.0,6.95,1,0
746,3.0,29.0,0.0,0.0,7.75,0,1
747,3.0,0.3333,0.0,2.0,14.4,0,1
748,3.0,34.0,1.0,1.0,14.4,0,1
749,3.0,28.0,1.0,1.0,14.4,1,0
750,3.0,27.0,0.0,0.0,7.8958,0,1
751,3.0,25.0,0.0,0.0,7.8958,0,1
752,3.0,24.0,2.0,0.0,24.15,0,1
753,3.0,22.0,0.0,0.0,8.05,0,1
754,3.0,21.0,2.0,0.0,24.15,0,1
755,3.0,17.0,2.0,0.0,8.05,0,1
756,3.0,,1.0,0.0,16.1,0,1
757,3.0,,1.0,0.0,16.1,1,0
758,3.0,36.5,1.0,0.0,17.4,0,1
759,3.0,36.0,1.0,0.0,17.4,1,0
760,3.0,30.0,0.0,0.0,9.5,0,1
761,3.0,16.0,0.0,0.0,9.5,0,1
762,3.0,1.0,1.0,2.0,20.575,0,1
763,3.0,0.1667,1.0,2.0,20.575,1,0
764,3.0,26.0,1.0,2.0,20.575,0,1
765,3.0,33.0,1.0,2.0,20.575,1,0
766,3.0,25.0,0.0,0.0,7.8958,0,1
767,3.0,,0.0,0.0,7.8958,0,1
768,3.0,,0.0,0.0,7.8958,0,1
769,3.0,22.0,0.0,0.0,7.25,0,1
770,3.0,36.0,0.0,0.0,7.25,0,1
771,3.0,19.0,0.0,0.0,7.8792,1,0
772,3.0,17.0,0.0,0.0,7.8958,0,1
773,3.0,42.0,0.0,0.0,8.6625,0,1
774,3.0,43.0,0.0,0.0,7.8958,0,1
775,3.0,,0.0,0.0,7.2292,0,1
776,3.0,32.0,0.0,0.0,7.75,0,1
777,3.0,19.0,0.0,0.0,8.05,0,1
778,3.0,30.0,0.0,0.0,12.475,1,0
779,3.0,24.0,0.0,0.0,7.75,1,0
780,3.0,23.0,0.0,0.0,8.05,1,0
781,3.0,33.0,0.0,0.0,7.8958,0,1
782,3.0,65.0,0.0,0.0,7.75,0,1
783,3.0,24.0,0.0,0.0,7.55,0,1
784,3.0,23.0,1.0,0.0,13.9,0,1
785,3.0,22.0,1.0,0.0,13.9,1,0
786,3.0,18.0,0.0,0.0,7.775,0,1
787,3.0,16.0,0.0,0.0,7.775,0,1
788,3.0,45.0,0.0,0.0,6.975,0,1
789,3.0,,0.0,0.0,7.225,0,1
790,3.0,39.0,0.0,2.0,7.2292,0,1
791,3.0,17.0,1.0,1.0,7.2292,0,1
792,3.0,15.0,1.0,1.0,7.2292,0,1
793,3.0,47.0,0.0,0.0,7.25,0,1
794,3.0,5.0,0.0,0.0,12.475,1,0
795,3.0,,0.0,0.0,7.225,0,1
796,3.0,40.5,0.0,0.0,15.1,0,1
797,3.0,40.5,0.0,0.0,7.75,0,1
798,3.0,,0.0,0.0,7.05,0,1
799,3.0,18.0,0.0,0.0,7.7958,0,1
800,3.0,,0.0,0.0,7.75,1,0
801,3.0,,0.0,0.0,7.75,0,1
802,3.0,,0.0,0.0,6.95,0,1
803,3.0,26.0,0.0,0.0,7.8792,0,1
804,3.0,,0.0,0.0,7.75,0,1
805,3.0,,0.0,0.0,56.4958,0,1
806,3.0,21.0,2.0,2.0,34.375,1,0
807,3.0,9.0,2.0,2.0,34.375,1,0
808,3.0,,0.0,0.0,8.05,0,1
809,3.0,18.0,2.0,2.0,34.375,0,1
810,3.0,16.0,1.0,3.0,34.375,0,1
811,3.0,48.0,1.0,3.0,34.375,1,0
812,3.0,,0.0,0.0,7.75,0,1
813,3.0,,0.0,0.0,7.25,0,1
814,3.0,25.0,0.0,0.0,7.7417,0,1
815,3.0,,0.0,0.0,14.5,0,1
816,3.0,,0.0,0.0,7.8958,0,1
817,3.0,22.0,0.0,0.0,8.05,0,1
818,3.0,16.0,0.0,0.0,7.7333,1,0
819,3.0,,0.0,0.0,7.75,1,0
820,3.0,9.0,0.0,2.0,20.525,0,1
821,3.0,33.0,1.0,1.0,20.525,0,1
822,3.0,41.0,0.0,0.0,7.85,0,1
823,3.0,31.0,1.0,1.0,20.525,1,0
824,3.0,38.0,0.0,0.0,7.05,0,1
825,3.0,9.0,5.0,2.0,46.9,0,1
826,3.0,1.0,5.0,2.0,46.9,0,1
827,3.0,11.0,5.0,2.0,46.9,0,1
828,3.0,10.0,5.0,2.0,46.9,1,0
829,3.0,16.0,5.0,2.0,46.9,1,0
830,3.0,14.0,5.0,2.0,46.9,0,1
831,3.0,40.0,1.0,6.0,46.9,0,1
832,3.0,43.0,1.0,6.0,46.9,1,0
833,3.0,51.0,0.0,0.0,8.05,0,1
834,3.0,32.0,0.0,0.0,8.3625,0,1
835,3.0,,0.0,0.0,8.05,0,1
836,3.0,20.0,0.0,0.0,9.8458,0,1
837,3.0,37.0,2.0,0.0,7.925,0,1
838,3.0,28.0,2.0,0.0,7.925,0,1
839,3.0,19.0,0.0,0.0,7.775,0,1
840,3.0,24.0,0.0,0.0,8.85,1,0
841,3.0,17.0,0.0,0.0,7.7333,1,0
842,3.0,,1.0,0.0,19.9667,0,1
843,3.0,,1.0,0.0,19.9667,0,1
844,3.0,28.0,1.0,0.0,15.85,0,1
845,3.0,24.0,1.0,0.0,15.85,1,0
846,3.0,20.0,0.0,0.0,9.5,0,1
847,3.0,23.5,0.0,0.0,7.2292,0,1
848,3.0,41.0,2.0,0.0,14.1083,0,1
849,3.0,26.0,1.0,0.0,7.8542,0,1
850,3.0,21.0,0.0,0.0,7.8542,0,1
851,3.0,45.0,1.0,0.0,14.1083,1,0
852,3.0,,0.0,0.0,7.55,1,0
853,3.0,25.0,0.0,0.0,7.25,0,1
854,3.0,,0.0,0.0,6.8583,0,1
855,3.0,11.0,0.0,0.0,18.7875,0,1
856,3.0,,0.0,0.0,7.75,1,0
857,3.0,27.0,0.0,0.0,6.975,0,1
858,3.0,,0.0,0.0,56.4958,0,1
859,3.0,18.0,0.0,0.0,6.75,1,0
860,3.0,26.0,0.0,0.0,7.925,1,0
861,3.0,23.0,0.0,0.0,7.925,1,0
862,3.0,22.0,0.0,0.0,8.9625,1,0
863,3.0,28.0,0.0,0.0,7.8958,0,1
864,3.0,28.0,0.0,0.0,7.775,1,0
865,3.0,,0.0,0.0,7.75,1,0
866,3.0,2.0,0.0,1.0,12.2875,1,0
867,3.0,22.0,1.0,1.0,12.2875,1,0
868,3.0,43.0,0.0,0.0,6.45,0,1
869,3.0,28.0,0.0,0.0,22.525,0,1
870,3.0,27.0,0.0,0.0,7.925,1,0
871,3.0,,0.0,0.0,7.75,0,1
872,3.0,,0.0,0.0,8.05,1,0
873,3.0,42.0,0.0,0.0,7.65,0,1
874,3.0,,0.0,0.0,7.8875,0,1
875,3.0,30.0,0.0,0.0,7.2292,0,1
876,3.0,,0.0,0.0,7.8958,0,1
877,3.0,27.0,1.0,0.0,7.925,1,0
878,3.0,25.0,1.0,0.0,7.925,1,0
879,3.0,,0.0,0.0,7.8958,0,1
880,3.0,29.0,0.0,0.0,7.8958,0,1
881,3.0,21.0,0.0,0.0,7.7958,0,1
882,3.0,,0.0,0.0,7.05,0,1
883,3.0,20.0,0.0,0.0,7.8542,0,1
884,3.0,48.0,0.0,0.0,7.8542,0,1
885,3.0,17.0,1.0,0.0,7.0542,0,1
886,3.0,,0.0,0.0,7.75,1,0
887,3.0,,0.0,0.0,8.1125,0,1
888,3.0,34.0,0.0,0.0,6.4958,0,1
889,3.0,26.0,0.0,0.0,7.775,0,1
890,3.0,22.0,0.0,0.0,7.7958,0,1
891,3.0,33.0,0.0,0.0,8.6542,0,1
892,3.0,31.0,0.0,0.0,7.775,0,1
893,3.0,29.0,0.0,0.0,7.8542,0,1
894,3.0,4.0,1.0,1.0,11.1333,0,1
895,3.0,1.0,1.0,1.0,11.1333,1,0
896,3.0,49.0,0.0,0.0,0.0,0,1
897,3.0,33.0,0.0,0.0,7.775,0,1
898,3.0,19.0,0.0,0.0,0.0,0,1
899,3.0,27.0,0.0,2.0,11.1333,1,0
900,3.0,,1.0,2.0,23.45,0,1
901,3.0,,1.0,2.0,23.45,1,0
902,3.0,,1.0,2.0,23.45,0,1
903,3.0,,1.0,2.0,23.45,1,0
904,3.0,23.0,0.0,0.0,7.8958,0,1
905,3.0,32.0,0.0,0.0,7.8542,0,1
906,3.0,27.0,0.0,0.0,7.8542,0,1
907,3.0,20.0,1.0,0.0,9.825,1,0
908,3.0,21.0,1.0,0.0,9.825,1,0
909,3.0,32.0,0.0,0.0,7.925,0,1
910,3.0,17.0,0.0,0.0,7.125,0,1
911,3.0,21.0,0.0,0.0,8.4333,0,1
912,3.0,30.0,0.0,0.0,7.8958,0,1
913,3.0,21.0,0.0,0.0,7.7958,0,1
914,3.0,33.0,0.0,0.0,7.8542,0,1
915,3.0,22.0,0.0,0.0,7.5208,0,1
916,3.0,4.0,0.0,1.0,13.4167,1,0
917,3.0,39.0,0.0,1.0,13.4167,0,1
918,3.0,,0.0,0.0,7.2292,0,1
919,3.0,18.5,0.0,0.0,7.2292,0,1
920,3.0,,0.0,0.0,7.75,0,1
921,3.0,,0.0,0.0,7.25,0,1
922,3.0,,0.0,0.0,7.75,1,0
923,3.0,,0.0,0.0,7.75,1,0
924,3.0,34.5,0.0,0.0,7.8292,0,1
925,3.0,44.0,0.0,0.0,8.05,0,1
926,3.0,,0.0,0.0,7.75,0,1
927,3.0,,1.0,0.0,14.4542,0,1
928,3.0,,1.0,0.0,14.4542,1,0
929,3.0,,1.0,0.0,7.75,0,1
930,3.0,,1.0,0.0,7.75,0,1
931,3.0,,0.0,0.0,7.7375,0,1
932,3.0,22.0,2.0,0.0,8.6625,1,0
933,3.0,26.0,2.0,0.0,8.6625,0,1
934,3.0,4.0,0.0,2.0,22.025,1,0
935,3.0,29.0,3.0,1.0,22.025,0,1
936,3.0,26.0,1.0,1.0,22.025,1,0
937,3.0,1.0,1.0,1.0,12.1833,1,0
938,3.0,18.0,1.0,1.0,7.8542,0,1
939,3.0,36.0,0.0,2.0,12.1833,1,0
940,3.0,,0.0,0.0,7.8958,0,1
941,3.0,25.0,0.0,0.0,7.2292,0,1
942,3.0,,0.0,0.0,7.225,0,1
943,3.0,37.0,0.0,0.0,9.5875,1,0
944,3.0,,0.0,0.0,7.8958,0,1
945,3.0,,0.0,0.0,56.4958,0,1
946,3.0,,0.0,0.0,56.4958,0,1
947,3.0,22.0,0.0,0.0,7.25,1,0
948,3.0,,0.0,0.0,7.75,0,1
949,3.0,26.0,0.0,0.0,56.4958,0,1
950,3.0,29.0,0.0,0.0,9.4833,0,1
951,3.0,29.0,0.0,0.0,7.775,0,1
952,3.0,22.0,0.0,0.0,7.775,0,1
953,3.0,22.0,0.0,0.0,7.225,0,1
954,3.0,,3.0,1.0,25.4667,0,1
955,3.0,,3.0,1.0,25.4667,1,0
956,3.0,,3.0,1.0,25.4667,1,0
957,3.0,,3.0,1.0,25.4667,1,0
958,3.0,,0.0,4.0,25.4667,1,0
959,3.0,32.0,0.0,0.0,7.925,0,1
960,3.0,34.5,0.0,0.0,6.4375,0,1
961,3.0,,1.0,0.0,15.5,1,0
962,3.0,,1.0,0.0,15.5,0,1
963,3.0,36.0,0.0,0.0,0.0,0,1
964,3.0,39.0,0.0,0.0,24.15,0,1
965,3.0,24.0,0.0,0.0,9.5,0,1
966,3.0,25.0,0.0,0.0,7.775,1,0
967,3.0,45.0,0.0,0.0,7.75,1,0
968,3.0,36.0,1.0,0.0,15.55,0,1
969,3.0,30.0,1.0,0.0,15.55,1,0
970,3.0,20.0,1.0,0.0,7.925,0,1
971,3.0,,0.0,0.0,7.8792,0,1
972,3.0,28.0,0.0,0.0,56.4958,0,1
973,3.0,,0.0,0.0,7.55,0,1
974,3.0,30.0,1.0,0.0,16.1,0,1
975,3.0,26.0,1.0,0.0,16.1,1,0
976,3.0,,0.0,0.0,7.8792,0,1
977,3.0,20.5,0.0,0.0,7.25,0,1
978,3.0,27.0,0.0,0.0,8.6625,0,1
979,3.0,51.0,0.0,0.0,7.0542,0,1
980,3.0,23.0,0.0,0.0,7.8542,1,0
981,3.0,32.0,0.0,0.0,7.5792,0,1
982,3.0,,0.0,0.0,7.8958,0,1
983,3.0,,0.0,0.0,7.55,0,1
984,3.0,,0.0,0.0,7.75,1,0
985,3.0,24.0,0.0,0.0,7.1417,0,1
986,3.0,22.0,0.0,0.0,7.125,0,1
987,3.0,,0.0,0.0,7.8792,1,0
988,3.0,,0.0,0.0,7.75,0,1
989,3.0,,0.0,0.0,8.05,0,1
990,3.0,29.0,0.0,0.0,7.925,0,1
991,3.0,,0.0,0.0,7.2292,0,1
992,3.0,30.5,0.0,0.0,7.75,1,0
993,3.0,,0.0,0.0,7.7375,1,0
994,3.0,,0.0,0.0,7.2292,0,1
995,3.0,35.0,0.0,0.0,7.8958,0,1
996,3.0,33.0,0.0,0.0,7.8958,0,1
997,3.0,,0.0,0.0,7.225,1,0
998,3.0,,0.0,0.0,7.8958,0,1
999,3.0,,0.0,0.0,7.75,1,0
1000,3.0,,0.0,0.0,7.75,0,1
1001,3.0,,2.0,0.0,23.25,1,0
1002,3.0,,2.0,0.0,23.25,1,0
1003,3.0,,2.0,0.0,23.25,0,1
1004,3.0,,0.0,0.0,7.7875,1,0
1005,3.0,,0.0,0.0,15.5,0,1
1006,3.0,,0.0,0.0,7.8792,1,0
1007,3.0,15.0,0.0,0.0,8.0292,1,0
1008,3.0,35.0,0.0,0.0,7.75,1,0
1009,3.0,,0.0,0.0,7.75,0,1
1010,3.0,24.0,1.0,0.0,16.1,0,1
1011,3.0,19.0,1.0,0.0,16.1,1,0
1012,3.0,,0.0,0.0,7.75,1,0
1013,3.0,,0.0,0.0,8.05,1,0
1014,3.0,,0.0,0.0,8.05,1,0
1015,3.0,55.5,0.0,0.0,8.05,0,1
1016,3.0,,0.0,0.0,7.75,0,1
1017,3.0,21.0,0.0,0.0,7.775,0,1
1018,3.0,,0.0,0.0,8.05,0,1
1019,3.0,24.0,0.0,0.0,7.8958,0,1
1020,3.0,21.0,0.0,0.0,7.8958,0,1
1021,3.0,28.0,0.0,0.0,7.8958,0,1
1022,3.0,,0.0,0.0,7.8958,0,1
1023,3.0,,0.0,0.0,7.8792,1,0
1024,3.0,25.0,0.0,0.0,7.65,0,1
1025,3.0,6.0,0.0,1.0,12.475,0,1
1026,3.0,27.0,0.0,1.0,12.475,1,0
1027,3.0,,0.0,0.0,8.05,0,1
1028,3.0,,1.0,0.0,24.15,1,0
1029,3.0,,1.0,0.0,24.15,0,1
1030,3.0,,0.0,0.0,8.4583,0,1
1031,3.0,34.0,0.0,0.0,8.05,0,1
1032,3.0,,0.0,0.0,7.75,0,1
1033,3.0,,0.0,0.0,7.775,0,1
1034,3.0,,1.0,1.0,15.2458,0,1
1035,3.0,,1.0,1.0,15.2458,0,1
1036,3.0,,0.0,2.0,15.2458,1,0
1037,3.0,,0.0,0.0,7.2292,1,0
1038,3.0,,0.0,0.0,8.05,0,1
1039,3.0,,0.0,0.0,7.7333,1,0
1040,3.0,24.0,0.0,0.0,7.75,1,0
1041,3.0,,0.0,0.0,8.05,0,1
1042,3.0,,1.0,0.0,15.5,1,0
1043,3.0,,1.0,0.0,15.5,1,0
1044,3.0,,0.0,0.0,15.5,1,0
1045,3.0,18.0,0.0,0.0,7.75,0,1
1046,3.0,22.0,0.0,0.0,7.8958,0,1
1047,3.0,15.0,0.0,0.0,7.225,1,0
1048,3.0,1.0,0.0,2.0,15.7417,1,0
1049,3.0,20.0,1.0,1.0,15.7417,0,1
1050,3.0,19.0,1.0,1.0,15.7417,1,0
1051,3.0,33.0,0.0,0.0,8.05,0,1
1052,3.0,,0.0,0.0,7.8958,0,1
1053,3.0,,0.0,0.0,7.2292,0,1
1054,3.0,,0.0,0.0,7.75,1,0
1055,3.0,,0.0,0.0,7.8958,0,1
1056,3.0,12.0,1.0,0.0,11.2417,0,1
1057,3.0,14.0,1.0,0.0,11.2417,1,0
1058,3.0,29.0,0.0,0.0,7.925,1,0
1059,3.0,28.0,0.0,0.0,8.05,0,1
1060,3.0,18.0,0.0,0.0,7.775,1,0
1061,3.0,26.0,0.0,0.0,7.8542,1,0
1062,3.0,21.0,0.0,0.0,7.8542,0,1
1063,3.0,41.0,0.0,0.0,7.125,0,1
1064,3.0,39.0,0.0,0.0,7.925,0,1
1065,3.0,21.0,0.0,0.0,7.8,0,1
1066,3.0,28.5,0.0,0.0,7.2292,0,1
1067,3.0,22.0,0.0,0.0,7.75,1,0
1068,3.0,61.0,0.0,0.0,6.2375,0,1
1069,3.0,,1.0,0.0,15.5,0,1
1070,3.0,,0.0,0.0,7.8292,0,1
1071,3.0,,1.0,0.0,15.5,1,0
1072,3.0,,0.0,0.0,7.7333,0,1
1073,3.0,,0.0,0.0,7.75,0,1
1074,3.0,,0.0,0.0,7.75,0,1
1075,3.0,23.0,0.0,0.0,9.225,0,1
1076,3.0,,0.0,0.0,7.75,1,0
1077,3.0,,0.0,0.0,7.75,1,0
1078,3.0,,0.0,0.0,7.8792,1,0
1079,3.0,22.0,0.0,0.0,7.775,1,0
1080,3.0,,0.0,0.0,7.75,0,1
1081,3.0,,0.0,0.0,7.8292,1,0
1082,3.0,9.0,0.0,1.0,3.1708,0,1
1083,3.0,28.0,0.0,0.0,22.525,0,1
1084,3.0,42.0,0.0,1.0,8.4042,0,1
1085,3.0,,0.0,0.0,7.3125,0,1
1086,3.0,31.0,0.0,0.0,7.8542,1,0
1087,3.0,28.0,0.0,0.0,7.8542,0,1
1088,3.0,32.0,0.0,0.0,7.775,0,1
1089,3.0,20.0,0.0,0.0,9.225,0,1
1090,3.0,23.0,0.0,0.0,8.6625,1,0
1091,3.0,20.0,0.0,0.0,8.6625,1,0
1092,3.0,20.0,0.0,0.0,8.6625,0,1
1093,3.0,16.0,0.0,0.0,9.2167,0,1
1094,3.0,31.0,0.0,0.0,8.6833,1,0
1095,3.0,,0.0,0.0,7.6292,1,0
1096,3.0,2.0,3.0,1.0,21.075,0,1
1097,3.0,6.0,3.0,1.0,21.075,0,1
1098,3.0,3.0,3.0,1.0,21.075,1,0
1099,3.0,8.0,3.0,1.0,21.075,1,0
1100,3.0,29.0,0.0,4.0,21.075,1,0
1101,3.0,1.0,4.0,1.0,39.6875,0,1
1102,3.0,7.0,4.0,1.0,39.6875,0,1
1103,3.0,2.0,4.0,1.0,39.6875,0,1
1104,3.0,16.0,4.0,1.0,39.6875,0,1
1105,3.0,14.0,4.0,1.0,39.6875,0,1
1106,3.0,41.0,0.0,5.0,39.6875,1,0
1107,3.0,21.0,0.0,0.0,8.6625,0,1
1108,3.0,19.0,0.0,0.0,14.5,0,1
1109,3.0,,0.0,0.0,8.7125,0,1
1110,3.0,32.0,0.0,0.0,7.8958,0,1
1111,3.0,0.75,1.0,1.0,13.775,0,1
1112,3.0,3.0,1.0,1.0,13.775,1,0
1113,3.0,26.0,0.0,2.0,13.775,1,0
1114,3.0,,0.0,0.0,7.0,0,1
1115,3.0,,0.0,0.0,7.775,0,1
1116,3.0,,0.0,0.0,8.05,0,1
1117,3.0,21.0,0.0,0.0,7.925,0,1
1118,3.0,25.0,0.0,0.0,7.925,0,1
1119,3.0,22.0,0.0,0.0,7.25,0,1
1120,3.0,25.0,1.0,0.0,7.775,0,1
1121,3.0,,1.0,1.0,22.3583,0,1
1122,3.0,,1.0,1.0,22.3583,1,0
1123,3.0,,0.0,2.0,22.3583,1,0
1124,3.0,,0.0,0.0,8.1375,1,0
1125,3.0,24.0,0.0,0.0,8.05,0,1
1126,3.0,28.0,0.0,0.0,7.8958,1,0
1127,3.0,19.0,0.0,0.0,7.8958,0,1
1128,3.0,,0.0,0.0,7.8958,0,1
1129,3.0,25.0,1.0,0.0,7.775,0,1
1130,3.0,18.0,0.0,0.0,7.775,1,0
1131,3.0,32.0,0.0,0.0,8.05,0,1
1132,3.0,,0.0,0.0,7.8958,0,1
1133,3.0,17.0,0.0,0.0,8.6625,0,1
1134,3.0,24.0,0.0,0.0,8.6625,0,1
1135,3.0,,0.0,0.0,7.8958,0,1
1136,3.0,,0.0,0.0,8.1125,1,0
1137,3.0,,0.0,0.0,7.2292,0,1
1138,3.0,,0.0,0.0,7.25,0,1
1139,3.0,38.0,0.0,0.0,7.8958,0,1
1140,3.0,21.0,0.0,0.0,8.05,0,1
1141,3.0,10.0,4.0,1.0,29.125,0,1
1142,3.0,4.0,4.0,1.0,29.125,0,1
1143,3.0,7.0,4.0,1.0,29.125,0,1
1144,3.0,2.0,4.0,1.0,29.125,0,1
1145,3.0,8.0,4.0,1.0,29.125,0,1
1146,3.0,39.0,0.0,5.0,29.125,1,0
1147,3.0,22.0,0.0,0.0,39.6875,1,0
1148,3.0,35.0,0.0,0.0,7.125,0,1
1149,3.0,,0.0,0.0,7.7208,1,0
1150,3.0,,0.0,0.0,14.5,0,1
1151,3.0,,0.0,0.0,14.5,1,0
1152,3.0,50.0,1.0,0.0,14.5,0,1
1153,3.0,47.0,1.0,0.0,14.5,1,0
1154,3.0,,0.0,0.0,8.05,0,1
1155,3.0,,0.0,0.0,7.775,0,1
1156,3.0,2.0,1.0,1.0,20.2125,1,0
1157,3.0,18.0,1.0,1.0,20.2125,0,1
1158,3.0,41.0,0.0,2.0,20.2125,1,0
1159,3.0,,0.0,0.0,8.05,1,0
1160,3.0,50.0,0.0,0.0,8.05,0,1
1161,3.0,16.0,0.0,0.0,8.05,0,1
1162,3.0,,0.0,0.0,7.75,0,1
1163,3.0,,0.0,0.0,24.15,0,1
1164,3.0,,0.0,0.0,7.2292,0,1
1165,3.0,25.0,0.0,0.0,7.225,0,1
1166,3.0,,0.0,0.0,7.225,0,1
1167,3.0,,0.0,0.0,7.7292,0,1
1168,3.0,,0.0,0.0,7.575,0,1
1169,3.0,38.5,0.0,0.0,7.25,0,1
1170,3.0,,8.0,2.0,69.55,0,1
1171,3.0,14.5,8.0,2.0,69.55,0,1
1172,3.0,,8.0,2.0,69.55,1,0
1173,3.0,,8.0,2.0,69.55,1,0
1174,3.0,,8.0,2.0,69.55,1,0
1175,3.0,,8.0,2.0,69.55,1,0
1176,3.0,,8.0,2.0,69.55,0,1
1177,3.0,,8.0,2.0,69.55,0,1
1178,3.0,,8.0,2.0,69.55,0,1
1179,3.0,,1.0,9.0,69.55,0,1
1180,3.0,,1.0,9.0,69.55,1,0
1181,3.0,24.0,0.0,0.0,9.325,0,1
1182,3.0,21.0,0.0,0.0,7.65,1,0
1183,3.0,39.0,0.0,0.0,7.925,0,1
1184,3.0,,2.0,0.0,21.6792,0,1
1185,3.0,,2.0,0.0,21.6792,0,1
1186,3.0,,2.0,0.0,21.6792,0,1
1187,3.0,1.0,1.0,1.0,16.7,1,0
1188,3.0,24.0,0.0,2.0,16.7,1,0
1189,3.0,4.0,1.0,1.0,16.7,1,0
1190,3.0,25.0,0.0,0.0,9.5,0,1
1191,3.0,20.0,0.0,0.0,8.05,0,1
1192,3.0,24.5,0.0,0.0,8.05,0,1
1193,3.0,,0.0,0.0,7.725,0,1
1194,3.0,,0.0,0.0,7.8958,0,1
1195,3.0,,0.0,0.0,7.75,0,1
1196,3.0,29.0,0.0,0.0,9.5,0,1
1197,3.0,,0.0,0.0,15.1,0,1
1198,3.0,,0.0,0.0,7.7792,1,0
1199,3.0,,0.0,0.0,8.05,0,1
1200,3.0,,0.0,0.0,8.05,0,1
1201,3.0,22.0,0.0,0.0,7.2292,0,1
1202,3.0,,0.0,0.0,8.05,0,1
1203,3.0,40.0,0.0,0.0,7.8958,0,1
1204,3.0,21.0,0.0,0.0,7.925,0,1
1205,3.0,18.0,0.0,0.0,7.4958,1,0
1206,3.0,4.0,3.0,2.0,27.9,0,1
1207,3.0,10.0,3.0,2.0,27.9,0,1
1208,3.0,9.0,3.0,2.0,27.9,1,0
1209,3.0,2.0,3.0,2.0,27.9,1,0
1210,3.0,40.0,1.0,4.0,27.9,0,1
1211,3.0,45.0,1.0,4.0,27.9,1,0
1212,3.0,,0.0,0.0,7.8958,0,1
1213,3.0,,0.0,0.0,8.05,0,1
1214,3.0,,0.0,0.0,8.6625,0,1
1215,3.0,,0.0,0.0,7.75,0,1
1216,3.0,,0.0,0.0,7.7333,1,0
1217,3.0,19.0,0.0,0.0,7.65,0,1
1218,3.0,30.0,0.0,0.0,8.05,0,1
1219,3.0,,0.0,0.0,8.05,0,1
1220,3.0,32.0,0.0,0.0,8.05,0,1
1221,3.0,,0.0,0.0,7.8958,0,1
1222,3.0,33.0,0.0,0.0,8.6625,0,1
1223,3.0,23.0,0.0,0.0,7.55,1,0
1224,3.0,21.0,0.0,0.0,8.05,0,1
1225,3.0,60.5,0.0,0.0,,0,1
1226,3.0,19.0,0.0,0.0,7.8958,0,1
1227,3.0,22.0,0.0,0.0,9.8375,1,0
1228,3.0,31.0,0.0,0.0,7.925,0,1
1229,3.0,27.0,0.0,0.0,8.6625,0,1
1230,3.0,2.0,0.0,1.0,10.4625,1,0
1231,3.0,29.0,1.0,1.0,10.4625,1,0
1232,3.0,16.0,0.0,0.0,8.05,0,1
1233,3.0,44.0,0.0,0.0,7.925,0,1
1234,3.0,25.0,0.0,0.0,7.05,0,1
1235,3.0,74.0,0.0,0.0,7.775,0,1
1236,3.0,14.0,0.0,0.0,9.225,0,1
1237,3.0,24.0,0.0,0.0,7.7958,0,1
1238,3.0,25.0,0.0,0.0,7.7958,0,1
1239,3.0,34.0,0.0,0.0,8.05,0,1
1240,3.0,0.4167,0.0,1.0,8.5167,0,1
1241,3.0,,1.0,0.0,6.4375,0,1
1242,3.0,,0.0,0.0,6.4375,0,1
1243,3.0,,0.0,0.0,7.225,0,1
1244,3.0,16.0,1.0,1.0,8.5167,1,0
1245,3.0,,0.0,0.0,8.05,0,1
1246,3.0,,1.0,0.0,16.1,0,1
1247,3.0,,1.0,0.0,16.1,1,0
1248,3.0,32.0,0.0,0.0,7.925,0,1
1249,3.0,,0.0,0.0,7.75,0,1
1250,3.0,,0.0,0.0,7.8958,0,1
1251,3.0,30.5,0.0,0.0,8.05,0,1
1252,3.0,44.0,0.0,0.0,8.05,0,1
1253,3.0,,0.0,0.0,7.2292,0,1
1254,3.0,25.0,0.0,0.0,0.0,0,1
1255,3.0,,0.0,0.0,7.2292,0,1
1256,3.0,7.0,1.0,1.0,15.2458,0,1
1257,3.0,9.0,1.0,1.0,15.2458,1,0
1258,3.0,29.0,0.0,2.0,15.2458,1,0
1259,3.0,36.0,0.0,0.0,7.8958,0,1
1260,3.0,18.0,0.0,0.0,9.8417,1,0
1261,3.0,63.0,0.0,0.0,9.5875,1,0
1262,3.0,,1.0,1.0,14.5,0,1
1263,3.0,11.5,1.0,1.0,14.5,0,1
1264,3.0,40.5,0.0,2.0,14.5,0,1
1265,3.0,10.0,0.0,2.0,24.15,1,0
1266,3.0,36.0,1.0,1.0,24.15,0,1
1267,3.0,30.0,1.0,1.0,24.15,1,0
1268,3.0,,0.0,0.0,9.5,0,1
1269,3.0,33.0,0.0,0.0,9.5,0,1
1270,3.0,28.0,0.0,0.0,9.5,0,1
1271,3.0,28.0,0.0,0.0,9.5,0,1
1272,3.0,47.0,0.0,0.0,9.0,0,1
1273,3.0,18.0,2.0,0.0,18.0,1,0
1274,3.0,31.0,3.0,0.0,18.0,0,1
1275,3.0,16.0,2.0,0.0,18.0,0,1
1276,3.0,31.0,1.0,0.0,18.0,1,0
1277,3.0,22.0,0.0,0.0,7.225,0,1
1278,3.0,20.0,0.0,0.0,7.8542,0,1
1279,3.0,14.0,0.0,0.0,7.8542,1,0
1280,3.0,22.0,0.0,0.0,7.8958,0,1
1281,3.0,22.0,0.0,0.0,9.0,0,1
1282,3.0,,0.0,0.0,8.05,0,1
1283,3.0,,0.0,0.0,7.55,0,1
1284,3.0,,0.0,0.0,8.05,0,1
1285,3.0,32.5,0.0,0.0,9.5,0,1
1286,3.0,38.0,0.0,0.0,7.2292,1,0
1287,3.0,51.0,0.0,0.0,7.75,0,1
1288,3.0,18.0,1.0,0.0,6.4958,0,1
1289,3.0,21.0,1.0,0.0,6.4958,0,1
1290,3.0,47.0,1.0,0.0,7.0,1,0
1291,3.0,,0.0,0.0,8.7125,0,1
1292,3.0,,0.0,0.0,7.55,0,1
1293,3.0,,0.0,0.0,8.05,0,1
1294,3.0,28.5,0.0,0.0,16.1,0,1
1295,3.0,21.0,0.0,0.0,7.25,0,1
1296,3.0,27.0,0.0,0.0,8.6625,0,1
1297,3.0,,0.0,0.0,7.25,0,1
1298,3.0,36.0,0.0,0.0,9.5,0,1
1299,3.0,27.0,1.0,0.0,14.4542,0,1
1300,3.0,15.0,1.0,0.0,14.4542,1,0
1301,3.0,45.5,0.0,0.0,7.225,0,1
1302,3.0,,0.0,0.0,7.225,0,1
1303,3.0,,0.0,0.0,14.4583,0,1
1304,3.0,14.5,1.0,0.0,14.4542,1,0
1305,3.0,,1.0,0.0,14.4542,1,0
1306,3.0,26.5,0.0,0.0,7.225,0,1
1307,3.0,27.0,0.0,0.0,7.225,0,1
1308,3.0,29.0,0.0,0.0,7.875,0,1
