,age,sex_female,sex_male,sibsp,parch,fare
0,47.375967117879554,1.0,0.0,0.0,0.0,7.8792
1,50.0,1.0,0.0,0.0,0.0,10.5
2,6.0,0.0,1.0,0.0,1.0,12.475
3,16.6484546002084,0.0,1.0,0.0,0.0,7.8958
4,2.0,1.0,0.0,4.0,2.0,31.275
5,28.0,0.0,1.0,0.0,0.0,7.8958
6,10.305022080877396,1.0,0.0,0.0,0.0,7.75
7,20.0,0.0,1.0,0.0,0.0,9.225
8,43.14540398621856,0.0,1.0,0.0,0.0,15.1
9,24.0,0.0,1.0,0.0,0.0,10.5
10,48.974605423977174,0.0,1.0,0.0,0.0,14.4583
11,24.0,0.0,1.0,0.0,0.0,7.25
12,3.0,1.0,0.0,3.0,1.0,21.075
13,24.0,1.0,0.0,0.0,3.0,19.2583
14,28.59382370186443,1.0,0.0,0.0,0.0,7.8792
15,21.0,0.0,1.0,0.0,0.0,8.05
16,27.0,1.0,0.0,0.0,2.0,11.1333
17,33.0,0.0,1.0,0.0,0.0,8.6625
18,35.0,0.0,1.0,0.0,0.0,7.125
19,26.0,0.0,1.0,0.0,0.0,7.8875
20,43.0,0.0,1.0,1.0,1.0,26.25
21,47.0,0.0,1.0,0.0,0.0,38.5
22,9.0,1.0,0.0,1.0,1.0,15.2458
23,36.90344844717102,1.0,0.0,0.0,1.0,55.0
24,40.0,0.0,1.0,1.0,5.0,31.3875
25,45.0,1.0,0.0,1.0,0.0,52.5542
26,18.0,1.0,0.0,0.0,1.0,23.0
27,9.0,1.0,0.0,1.0,1.0,15.2458
28,10.750600086644859,0.0,1.0,0.0,0.0,7.2292
29,40.0,0.0,1.0,0.0,0.0,27.7208
30,27.0,1.0,0.0,1.0,0.0,7.925
31,21.0,1.0,0.0,2.0,2.0,262.375
32,0.75,1.0,0.0,2.0,1.0,19.2583
33,20.387821684844624,0.0,1.0,0.0,0.0,8.7125
34,19.649096730177646,0.0,1.0,0.0,0.0,52.0
35,33.0,0.0,1.0,0.0,0.0,7.8958
36,2.0,0.0,1.0,1.0,1.0,23.0
37,34.25890902042328,0.0,1.0,0.0,0.0,7.75
38,16.0,1.0,0.0,0.0,0.0,7.75
39,17.0,0.0,1.0,1.0,1.0,7.2292
40,17.0,0.0,1.0,0.0,0.0,8.6625
41,22.0,0.0,1.0,0.0,0.0,8.05
42,19.238887434250902,0.0,1.0,0.0,0.0,7.2292
43,9.739529711895415,0.0,1.0,0.0,0.0,8.05
44,25.0,0.0,1.0,0.0,0.0,7.05
45,36.0,1.0,0.0,1.0,2.0,120.0
46,25.0,0.0,1.0,0.0,0.0,7.7958
47,60.0,1.0,0.0,0.0,0.0,76.2917
48,32.0,0.0,1.0,0.0,0.0,7.775
49,14.0,0.0,1.0,0.0,0.0,65.0
50,16.0,1.0,0.0,0.0,0.0,7.65
51,18.85100803279521,1.0,0.0,1.0,0.0,15.5
52,36.98019581274165,0.0,1.0,0.0,0.0,7.225
53,35.25868324655434,0.0,1.0,0.0,0.0,35.0
54,26.0,0.0,1.0,0.0,0.0,30.0
55,24.0,1.0,0.0,1.0,0.0,15.85
56,18.0,0.0,1.0,0.0,0.0,10.5
57,34.0,0.0,1.0,1.0,0.0,26.0
58,27.0,0.0,1.0,0.0,0.0,13.0
59,26.0,1.0,0.0,1.0,1.0,26.0
60,0.9167,0.0,1.0,1.0,2.0,151.55
61,39.0,0.0,1.0,0.0,0.0,13.0
62,21.0,1.0,0.0,0.0,1.0,21.0
63,22.350608128342643,1.0,0.0,1.0,0.0,51.8625
64,24.0,0.0,1.0,0.0,0.0,13.0
65,14.5,1.0,0.0,1.0,0.0,14.4542
66,29.0,1.0,0.0,0.0,0.0,221.7792
67,17.0,0.0,1.0,0.0,0.0,8.6625
68,17.0,0.0,1.0,0.0,0.0,8.6625
69,29.0,0.0,1.0,0.0,0.0,9.4833
70,38.0,0.0,1.0,0.0,0.0,7.8958
71,46.202114362542744,0.0,1.0,0.0,0.0,42.4
72,38.0,0.0,1.0,0.0,0.0,7.05
73,20.802035891918806,1.0,0.0,0.0,0.0,8.05
74,1.0,0.0,1.0,5.0,2.0,46.9
75,29.0,0.0,1.0,0.0,0.0,8.05
76,23.0,0.0,1.0,0.0,0.0,93.5
77,24.0,1.0,0.0,0.0,0.0,83.1583
78,25.0,0.0,1.0,0.0,0.0,26.0
79,35.0,1.0,0.0,0.0,0.0,7.75
80,22.0,1.0,0.0,0.0,1.0,59.4
81,27.0,1.0,0.0,0.0,0.0,7.8792
82,16.0,1.0,0.0,0.0,1.0,39.4
83,56.0,0.0,1.0,0.0,0.0,30.6958
84,14.0,1.0,0.0,0.0,0.0,7.8542
85,19.43649560607724,0.0,1.0,1.0,0.0,19.9667
86,29.0,0.0,1.0,1.0,0.0,7.0458
87,42.0,0.0,1.0,0.0,0.0,42.5
88,26.561462093012196,1.0,0.0,1.0,1.0,22.3583
89,25.0,0.0,1.0,0.0,0.0,10.5
90,46.0,0.0,1.0,1.0,0.0,61.175
91,14.362356516362986,0.0,1.0,1.0,9.0,69.55
92,36.0,0.0,1.0,1.0,2.0,27.75
93,50.0,0.0,1.0,1.0,1.0,211.5
94,20.0,0.0,1.0,0.0,0.0,8.6625
95,22.0,1.0,0.0,1.0,1.0,12.2875
96,24.167969114628367,0.0,1.0,1.0,1.0,15.2458
97,17.096634238192586,0.0,1.0,0.0,0.0,7.8958
98,30.911111848736855,0.0,1.0,0.0,0.0,7.2292
99,25.0,0.0,1.0,1.0,0.0,91.0792
100,30.0,1.0,0.0,0.0,0.0,93.5
101,27.0,0.0,1.0,0.0,0.0,7.8542
102,27.0,0.0,1.0,1.0,0.0,136.7792
103,22.0,0.0,1.0,0.0,0.0,7.225
104,22.036437358513773,0.0,1.0,0.0,0.0,7.75
105,31.0,0.0,1.0,1.0,1.0,37.0042
106,9.0,0.0,1.0,4.0,2.0,31.3875
107,36.0,1.0,0.0,0.0,2.0,15.9
108,28.408964560815424,0.0,1.0,0.0,0.0,27.7208
109,17.0,0.0,1.0,2.0,0.0,8.05
110,42.0,1.0,0.0,1.0,0.0,26.0
111,17.0,1.0,0.0,4.0,2.0,7.925
112,43.0,1.0,0.0,0.0,1.0,211.3375
113,35.0,1.0,0.0,0.0,0.0,21.0
114,27.0,0.0,1.0,0.0,0.0,7.8958
115,34.175981333343444,1.0,0.0,0.0,2.0,15.2458
116,51.48775047696033,0.0,1.0,0.0,0.0,7.725
117,44.7952275538115,1.0,0.0,1.0,0.0,146.5208
118,27.57482974356421,0.0,1.0,0.0,0.0,8.05
119,27.97245056619998,0.0,1.0,2.0,0.0,21.6792
120,39.79156859101273,0.0,1.0,0.0,0.0,8.05
121,25.0,0.0,1.0,1.0,0.0,17.8
122,1.0,0.0,1.0,0.0,2.0,37.0042
123,43.0,1.0,0.0,1.0,0.0,55.4417
124,21.0,1.0,0.0,0.0,0.0,10.5
125,55.0,0.0,1.0,1.0,0.0,59.4
126,48.0,0.0,1.0,0.0,0.0,7.8542
127,16.0,0.0,1.0,0.0,0.0,10.5
128,36.0,0.0,1.0,0.0,0.0,10.5
129,62.0,0.0,1.0,0.0,0.0,9.6875
130,58.0,1.0,0.0,0.0,1.0,153.4625
131,31.0,0.0,1.0,0.0,0.0,28.5375
132,31.0,1.0,0.0,0.0,0.0,8.6833
133,55.0,1.0,0.0,0.0,0.0,135.6333
134,4.0,1.0,0.0,0.0,1.0,13.4167
135,39.0,1.0,0.0,1.0,0.0,55.9
136,26.4046123378725,1.0,0.0,0.0,0.0,15.5
137,55.0,1.0,0.0,2.0,0.0,25.7
138,23.560606419349618,0.0,1.0,1.0,0.0,24.15
139,36.0,0.0,1.0,1.0,0.0,15.55
140,59.0,1.0,0.0,2.0,0.0,51.4792
141,15.353910229009653,0.0,1.0,0.0,0.0,0.0
142,23.0,0.0,1.0,0.0,0.0,10.5
143,25.0,0.0,1.0,0.0,0.0,7.8958
144,32.0,1.0,0.0,0.0,0.0,76.2917
145,29.0,0.0,1.0,1.0,0.0,26.0
146,22.0,1.0,0.0,0.0,0.0,7.25
147,32.0,0.0,1.0,1.0,0.0,15.85
148,54.0,1.0,0.0,1.0,1.0,81.8583
149,53.0,0.0,1.0,0.0,0.0,28.5
150,26.0,0.0,1.0,1.0,0.0,14.4542
151,22.0,0.0,1.0,0.0,0.0,9.35
152,42.30570312297488,1.0,0.0,1.0,0.0,133.65
153,14.0,0.0,1.0,4.0,1.0,39.6875
154,47.0,0.0,1.0,0.0,0.0,34.0208
155,36.5,0.0,1.0,0.0,2.0,26.0
156,21.0,0.0,1.0,0.0,0.0,7.8542
157,42.2248060972515,1.0,0.0,0.0,0.0,8.05
158,48.0,0.0,1.0,1.0,0.0,76.7292
159,21.0,0.0,1.0,0.0,0.0,16.1
160,35.0,0.0,1.0,0.0,0.0,7.05
161,30.0,1.0,0.0,1.0,0.0,13.8583
162,7.0,1.0,0.0,0.0,2.0,26.25
163,19.33421067748528,1.0,0.0,1.0,0.0,14.4542
164,43.0,0.0,1.0,1.0,0.0,27.7208
165,23.0,1.0,0.0,0.0,0.0,7.925
166,40.88909379983171,0.0,1.0,0.0,0.0,0.0
167,22.0,1.0,0.0,0.0,2.0,49.5
168,20.0,1.0,0.0,1.0,0.0,26.0
169,50.0,0.0,1.0,1.0,0.0,26.0
170,26.0,0.0,1.0,1.0,2.0,20.575
171,26.0,0.0,1.0,0.0,0.0,8.05
172,7.0,0.0,1.0,1.0,1.0,15.2458
173,27.0,0.0,1.0,0.0,0.0,30.5
174,52.0,0.0,1.0,1.0,1.0,79.65
175,33.93992386954142,1.0,0.0,0.0,0.0,27.7208
176,28.0,0.0,1.0,0.0,0.0,7.7958
177,18.0,0.0,1.0,1.0,0.0,108.9
178,25.0,1.0,0.0,0.0,0.0,7.775
179,44.67738223956597,0.0,1.0,0.0,0.0,56.4958
180,42.0,0.0,1.0,0.0,0.0,26.55
181,16.699415124390164,0.0,1.0,3.0,1.0,25.4667
182,42.0,0.0,1.0,0.0,0.0,7.55
183,39.30214674375662,0.0,1.0,0.0,0.0,0.0
184,27.85168225815193,0.0,1.0,0.0,0.0,10.7083
185,12.443690423189825,0.0,1.0,0.0,0.0,6.4375
186,54.0,0.0,1.0,0.0,0.0,26.0
187,40.0,0.0,1.0,0.0,0.0,16.0
188,40.0,0.0,1.0,0.0,0.0,7.225
189,65.0,0.0,1.0,0.0,1.0,61.9792
190,33.70472124405363,0.0,1.0,0.0,0.0,25.7417
191,30.0,1.0,0.0,0.0,0.0,31.0
192,33.0,0.0,1.0,0.0,0.0,7.8542
193,24.0,0.0,1.0,0.0,0.0,7.7958
194,29.244286547653882,0.0,1.0,0.0,0.0,7.8958
195,16.893887487244662,1.0,0.0,1.0,0.0,16.1
196,36.0,0.0,1.0,1.0,0.0,78.85
197,26.0,0.0,1.0,0.0,0.0,10.5
198,47.557562668105845,0.0,1.0,0.0,0.0,7.8958
199,59.0,0.0,1.0,0.0,0.0,13.5
200,26.720099911265297,0.0,1.0,0.0,0.0,7.25
201,-1.1216971035250296,1.0,0.0,1.0,2.0,23.45
202,28.0,0.0,1.0,0.0,0.0,7.25
203,3.0,1.0,0.0,1.0,2.0,41.5792
204,23.0,0.0,1.0,0.0,0.0,15.0458
205,21.0,0.0,1.0,1.0,0.0,6.4958
206,18.0,1.0,0.0,0.0,0.0,7.4958
207,28.0,0.0,1.0,0.0,0.0,10.5
208,9.0,1.0,0.0,2.0,2.0,34.375
209,30.0,0.0,1.0,0.0,0.0,13.0
210,65.0,0.0,1.0,0.0,0.0,7.75
211,24.77228400423498,1.0,0.0,0.0,0.0,7.8792
212,61.0,0.0,1.0,1.0,3.0,262.375
213,20.0,0.0,1.0,0.0,0.0,7.2292
214,45.0,0.0,1.0,0.0,0.0,26.55
215,22.0,1.0,0.0,0.0,0.0,7.775
216,28.210508447729012,0.0,1.0,0.0,0.0,7.75
217,23.0,0.0,1.0,0.0,0.0,10.5
218,51.0,0.0,1.0,0.0,0.0,8.05
219,9.0,0.0,1.0,0.0,2.0,20.525
220,0.75,0.0,1.0,1.0,1.0,13.775
221,36.0,1.0,0.0,0.0,2.0,71.0
222,22.0,1.0,0.0,1.0,0.0,66.6
223,48.0,1.0,0.0,1.0,0.0,39.6
224,7.0,0.0,1.0,4.0,1.0,39.6875
225,21.0,0.0,1.0,0.0,0.0,73.5
226,19.0,0.0,1.0,0.0,0.0,7.65
227,45.0,0.0,1.0,0.0,0.0,8.05
228,43.0,0.0,1.0,0.0,1.0,21.0
229,46.03602980950042,0.0,1.0,0.0,0.0,15.5792
230,39.0,1.0,0.0,1.0,5.0,31.275
231,64.0,1.0,0.0,1.0,1.0,26.55
232,19.0,0.0,1.0,0.0,0.0,14.5
233,9.0,0.0,1.0,0.0,1.0,3.1708
234,62.0,1.0,0.0,0.0,0.0,80.0
235,24.0,0.0,1.0,0.0,0.0,13.5
236,37.23348725658837,1.0,0.0,1.0,0.0,15.5
237,30.0,0.0,1.0,0.0,0.0,10.5
238,20.715628653447816,0.0,1.0,0.0,0.0,27.7208
239,47.01360219451237,0.0,1.0,0.0,0.0,50.0
240,42.0,0.0,1.0,1.0,0.0,52.5542
241,20.0,1.0,0.0,0.0,0.0,36.75
242,32.0,1.0,0.0,0.0,0.0,13.0
243,40.0,0.0,1.0,0.0,0.0,31.0
244,11.0,0.0,1.0,5.0,2.0,46.9
245,47.0,0.0,1.0,0.0,0.0,7.25
246,35.0,1.0,0.0,0.0,0.0,512.3292
247,41.0,1.0,0.0,0.0,2.0,20.2125
248,40.0,0.0,1.0,0.0,0.0,0.0
249,17.0,1.0,0.0,0.0,0.0,14.4583
250,23.0,1.0,0.0,0.0,0.0,8.05
251,64.0,0.0,1.0,1.0,0.0,75.25
252,50.0,1.0,0.0,0.0,1.0,26.0
253,21.56723945212368,0.0,1.0,0.0,0.0,7.75
254,40.0,1.0,0.0,1.0,1.0,39.0
255,11.0,0.0,1.0,0.0,0.0,18.7875
256,18.0,1.0,0.0,0.0,0.0,7.2292
257,0.1667,1.0,0.0,1.0,2.0,20.575
258,24.0,0.0,1.0,0.0,0.0,7.8542
259,30.0,0.0,1.0,0.0,0.0,26.0
260,24.0,1.0,0.0,0.0,2.0,14.5
261,12.0,1.0,0.0,0.0,0.0,15.75
262,17.38754142861911,1.0,0.0,2.0,0.0,23.25
263,29.0,0.0,1.0,1.0,0.0,27.7208
264,43.0,0.0,1.0,0.0,0.0,6.45
265,1.0,0.0,1.0,4.0,1.0,39.6875
266,22.0,1.0,0.0,0.0,0.0,10.5167
267,6.538760967979361,1.0,0.0,1.0,0.0,15.5
268,36.0,0.0,1.0,0.0,0.0,26.2875
269,49.0,0.0,1.0,1.0,2.0,65.0
270,24.0,0.0,1.0,0.0,0.0,7.05
271,32.5,0.0,1.0,1.0,0.0,30.0708
272,15.0,1.0,0.0,0.0,0.0,7.225
273,39.0,0.0,1.0,0.0,1.0,13.4167
274,2.0,0.0,1.0,3.0,1.0,21.075
275,33.0,0.0,1.0,0.0,0.0,8.6542
276,9.676264585584772,0.0,1.0,0.0,0.0,15.05
277,23.0,0.0,1.0,0.0,0.0,7.8542
278,35.0,0.0,1.0,0.0,0.0,7.8958
279,27.0,1.0,0.0,1.0,1.0,247.5208
280,18.0,0.0,1.0,0.0,0.0,7.7958
281,27.0,1.0,0.0,1.0,0.0,13.8583
282,35.18732626439638,1.0,0.0,0.0,0.0,7.7333
283,50.14120582743662,0.0,1.0,0.0,0.0,8.05
284,30.036181363970318,0.0,1.0,0.0,0.0,0.0
285,24.0,0.0,1.0,0.0,0.0,8.05
286,23.0,1.0,0.0,3.0,2.0,263.0
287,25.0,0.0,1.0,0.0,0.0,7.05
288,27.0,0.0,1.0,0.0,0.0,7.8958
289,18.0,1.0,0.0,0.0,0.0,6.75
290,3.0,0.0,1.0,1.0,1.0,26.0
291,30.0,0.0,1.0,1.0,0.0,21.0
292,42.51651229081616,1.0,0.0,0.0,0.0,7.7375
293,42.0,1.0,0.0,0.0,0.0,227.525
294,13.096491118836113,1.0,0.0,8.0,2.0,69.55
295,37.0,1.0,0.0,0.0,0.0,7.75
296,39.0,0.0,1.0,0.0,0.0,29.7
297,21.0,0.0,1.0,0.0,0.0,7.7958
298,24.0,1.0,0.0,0.0,0.0,8.85
299,12.0,1.0,0.0,2.0,1.0,39.0
300,25.0,1.0,0.0,1.0,1.0,30.0
301,23.575833279089295,1.0,0.0,3.0,1.0,25.4667
302,32.5,1.0,0.0,0.0,0.0,13.0
303,45.0,0.0,1.0,0.0,0.0,29.7
304,25.0,0.0,1.0,0.0,0.0,7.925
305,17.0,1.0,0.0,0.0,0.0,10.5
306,19.0,0.0,1.0,0.0,0.0,8.05
307,58.1779445079556,0.0,1.0,0.0,0.0,8.6625
308,38.0,1.0,0.0,0.0,0.0,13.0
309,37.30998687127732,1.0,0.0,1.0,0.0,14.4583
310,24.0,1.0,0.0,0.0,0.0,7.75
311,22.697995868838873,0.0,1.0,0.0,0.0,7.8958
312,40.0,1.0,0.0,1.0,1.0,134.5
313,44.0,0.0,1.0,0.0,0.0,13.0
314,18.0,0.0,1.0,1.0,1.0,20.2125
315,26.0,0.0,1.0,0.0,0.0,7.775
316,39.69555145135491,1.0,0.0,0.0,0.0,7.75
317,18.5,1.0,0.0,0.0,0.0,7.2833
318,1.0,1.0,0.0,1.0,1.0,12.1833
319,25.0,0.0,1.0,0.0,0.0,7.225
320,18.0,1.0,0.0,0.0,2.0,79.65
321,10.621632354550023,0.0,1.0,8.0,2.0,69.55
322,26.0,1.0,0.0,1.0,0.0,136.7792
323,35.0,0.0,1.0,0.0,0.0,26.55
324,32.0,0.0,1.0,0.0,0.0,22.525
325,27.341012460754904,0.0,1.0,0.0,0.0,7.75
326,11.951434035589113,0.0,1.0,0.0,0.0,15.0458
327,30.0,0.0,1.0,0.0,0.0,8.05
328,24.0,0.0,1.0,0.0,0.0,10.5
329,27.0,1.0,0.0,0.0,0.0,10.5
330,26.0,1.0,0.0,0.0,0.0,78.85
331,17.0,1.0,0.0,1.0,0.0,108.9
332,20.520909918059452,0.0,1.0,0.0,0.0,14.5
333,45.0,1.0,0.0,0.0,1.0,63.3583
334,24.0,1.0,0.0,0.0,0.0,7.75
335,48.0,0.0,1.0,1.0,0.0,52.0
336,16.0,0.0,1.0,0.0,0.0,9.5
337,45.0,1.0,0.0,0.0,0.0,7.75
338,42.0,0.0,1.0,0.0,0.0,13.0
339,40.0,0.0,1.0,1.0,4.0,27.9
340,18.0,0.0,1.0,0.0,0.0,7.775
341,41.53492026787036,0.0,1.0,0.0,0.0,0.0
342,21.58999953079436,0.0,1.0,0.0,0.0,7.7333
343,23.5,0.0,1.0,0.0,0.0,7.2292
344,18.0,1.0,0.0,0.0,0.0,9.8417
345,69.17987298652437,1.0,0.0,0.0,0.0,33.0
346,63.0,1.0,0.0,1.0,0.0,221.7792
347,45.0,1.0,0.0,1.0,4.0,27.9
348,10.67485169956645,0.0,1.0,8.0,2.0,69.55
349,22.0,0.0,1.0,0.0,0.0,7.7958
350,47.0,1.0,0.0,1.0,1.0,52.5542
351,16.0,0.0,1.0,0.0,0.0,8.05
352,25.0,0.0,1.0,0.0,0.0,13.0
353,14.0,0.0,1.0,0.0,0.0,9.225
354,29.97969048514202,0.0,1.0,0.0,0.0,7.225
355,30.0,0.0,1.0,0.0,0.0,13.0
356,33.191097743263136,0.0,1.0,0.0,0.0,7.75
357,36.0,0.0,1.0,0.0,0.0,26.3875
358,32.65612712948474,1.0,0.0,0.0,0.0,8.05
359,39.0,1.0,0.0,1.0,1.0,79.65
360,59.30402231843152,0.0,1.0,0.0,0.0,56.4958
361,18.625097131204797,0.0,1.0,0.0,0.0,25.925
362,22.0,0.0,1.0,0.0,0.0,7.2292
363,38.0,1.0,0.0,0.0,0.0,7.2292
364,20.650496465890548,1.0,0.0,0.0,0.0,8.1375
365,36.29978036002694,1.0,0.0,0.0,0.0,7.75
366,6.0,1.0,0.0,4.0,2.0,31.275
367,55.0,0.0,1.0,0.0,0.0,30.5
368,42.0,0.0,1.0,0.0,0.0,13.0
369,27.0,0.0,1.0,0.0,0.0,7.225
370,22.0,1.0,0.0,0.0,0.0,21.0
371,30.0,0.0,1.0,1.0,1.0,26.0
372,19.0,0.0,1.0,0.0,0.0,10.5
373,21.218003292566713,0.0,1.0,0.0,0.0,7.7375
374,24.0,1.0,0.0,0.0,0.0,49.5042
375,24.0,0.0,1.0,0.0,0.0,9.325
376,31.0,0.0,1.0,0.0,0.0,7.925
377,40.155945755823126,0.0,1.0,2.0,0.0,21.6792
378,25.45372525915956,0.0,1.0,0.0,0.0,7.8958
379,37.0,0.0,1.0,1.0,1.0,52.5542
380,28.0,0.0,1.0,1.0,0.0,15.85
381,34.0,0.0,1.0,0.0,0.0,13.0
382,5.0,0.0,1.0,4.0,2.0,31.3875
383,18.0,0.0,1.0,2.0,2.0,34.375
384,24.0,0.0,1.0,2.0,0.0,73.5
385,44.0,1.0,0.0,1.0,0.0,26.0
386,3.0,1.0,0.0,1.0,1.0,13.775
387,18.0,1.0,0.0,0.0,0.0,7.775
388,19.0,1.0,0.0,0.0,0.0,26.0
389,18.3912097303279,0.0,1.0,0.0,0.0,7.05
390,29.0,0.0,1.0,0.0,0.0,10.5
391,9.443741841990093,0.0,1.0,0.0,0.0,26.55
392,42.0,0.0,1.0,0.0,0.0,8.6625
393,48.0,0.0,1.0,0.0,0.0,13.0
394,32.0,0.0,1.0,0.0,0.0,7.5792
395,24.0,1.0,0.0,2.0,3.0,18.75
396,28.0,0.0,1.0,0.0,0.0,10.5
397,34.03084107298739,0.0,1.0,0.0,0.0,7.25
398,25.0,0.0,1.0,1.0,0.0,7.775
399,30.0,1.0,0.0,0.0,0.0,7.6292
400,25.0,0.0,1.0,0.0,0.0,9.5
401,57.0,1.0,0.0,0.0,0.0,10.5
402,28.0,1.0,0.0,0.0,0.0,13.0
403,21.0,0.0,1.0,0.0,0.0,7.925
404,30.0,0.0,1.0,1.0,0.0,16.1
405,30.0,1.0,0.0,0.0,0.0,13.0
406,2.0,0.0,1.0,4.0,1.0,39.6875
407,43.456745806094744,0.0,1.0,0.0,0.0,7.75
408,74.0,0.0,1.0,0.0,0.0,7.775
409,51.0,1.0,0.0,0.0,1.0,39.4
410,22.61241547803508,0.0,1.0,0.0,0.0,7.25
411,22.0,0.0,1.0,0.0,0.0,10.5
412,28.0,1.0,0.0,1.0,0.0,26.0
413,33.0,0.0,1.0,0.0,0.0,8.05
414,28.0,0.0,1.0,0.0,0.0,13.0
415,43.61854395824247,0.0,1.0,1.0,2.0,23.45
416,46.0,0.0,1.0,0.0,0.0,26.0
417,25.0,0.0,1.0,0.0,0.0,13.0
418,41.0,0.0,1.0,0.0,0.0,30.5
419,18.0,0.0,1.0,0.0,0.0,73.5
420,29.0,1.0,0.0,0.0,0.0,7.925
421,6.0,0.0,1.0,1.0,1.0,15.2458
422,21.0,0.0,1.0,0.0,0.0,13.0
423,31.0,0.0,1.0,0.0,0.0,7.75
424,26.0,1.0,0.0,0.0,0.0,7.925
425,23.0,0.0,1.0,1.0,0.0,13.9
426,30.0,0.0,1.0,0.0,0.0,13.0
427,31.0,0.0,1.0,1.0,1.0,26.25
428,45.0,1.0,0.0,0.0,0.0,262.375
429,47.0,1.0,0.0,1.0,0.0,7.0
430,35.19984161002316,1.0,0.0,0.0,2.0,15.2458
431,2.0,1.0,0.0,1.0,2.0,151.55
432,30.0,1.0,0.0,3.0,0.0,21.0
433,18.0,0.0,1.0,0.0,0.0,8.6625
434,30.5,1.0,0.0,0.0,0.0,7.75
435,38.0,0.0,1.0,1.0,0.0,90.0
436,33.0,0.0,1.0,0.0,0.0,5.0
437,31.0,0.0,1.0,0.0,0.0,10.5
438,40.0,1.0,0.0,0.0,0.0,153.4625
439,30.0,0.0,1.0,1.0,2.0,151.55
440,9.369595964073945,0.0,1.0,0.0,0.0,0.0
441,56.0,0.0,1.0,0.0,0.0,35.5
442,24.0,1.0,0.0,0.0,0.0,13.0
443,22.0,1.0,0.0,0.0,0.0,8.9625
444,47.0,0.0,1.0,0.0,0.0,42.4
445,19.0,1.0,0.0,1.0,0.0,26.0
446,2.0,1.0,0.0,0.0,1.0,12.2875
447,28.0,0.0,1.0,0.0,0.0,26.0
448,21.0,1.0,0.0,1.0,0.0,9.825
449,4.0,0.0,1.0,4.0,2.0,31.275
450,30.0,0.0,1.0,0.0,0.0,45.5
451,25.0,0.0,1.0,0.0,0.0,13.0
452,2.0,1.0,0.0,3.0,2.0,27.9
453,31.302438807582817,1.0,0.0,0.0,0.0,7.75
454,33.05299791573362,0.0,1.0,0.0,0.0,7.225
455,10.0,0.0,1.0,3.0,2.0,27.9
456,34.5,0.0,1.0,0.0,0.0,7.8292
457,19.51686800673933,0.0,1.0,0.0,0.0,7.8958
458,42.0,0.0,1.0,0.0,0.0,7.65
459,28.0,0.0,1.0,0.0,0.0,13.5
460,21.0,0.0,1.0,0.0,0.0,7.225
461,24.0,1.0,0.0,0.0,0.0,69.3
462,25.06514660222009,0.0,1.0,0.0,0.0,8.7125
463,31.48472551103033,0.0,1.0,0.0,0.0,39.6
464,6.296733553408114,1.0,0.0,0.0,0.0,7.7333
465,34.0,0.0,1.0,0.0,0.0,8.05
466,28.0,1.0,0.0,3.0,2.0,263.0
467,60.0,0.0,1.0,1.0,1.0,39.0
468,18.0,0.0,1.0,0.0,0.0,8.3
469,1.0,0.0,1.0,2.0,1.0,39.0
470,29.0,1.0,0.0,0.0,0.0,211.3375
471,22.0,1.0,0.0,2.0,0.0,8.6625
472,33.0,0.0,1.0,0.0,0.0,7.775
473,34.0,0.0,1.0,1.0,0.0,21.0
474,16.707381396769293,0.0,1.0,0.0,0.0,7.225
475,49.0,0.0,1.0,1.0,0.0,56.9292
476,15.0,0.0,1.0,1.0,1.0,7.2292
477,15.886332483344525,1.0,0.0,0.0,0.0,12.35
478,28.0,0.0,1.0,0.0,0.0,22.525
479,29.0,0.0,1.0,0.0,0.0,7.775
480,38.5,0.0,1.0,0.0,0.0,7.25
481,53.0,1.0,0.0,2.0,0.0,51.4792
482,18.0,1.0,0.0,1.0,1.0,13.0
483,70.0,0.0,1.0,1.0,1.0,71.0
484,28.0,0.0,1.0,0.0,0.0,9.5
485,25.0,0.0,1.0,0.0,0.0,0.0
486,36.0,0.0,1.0,0.0,1.0,512.3292
487,28.0,0.0,1.0,0.0,0.0,26.55
488,32.0,0.0,1.0,0.0,0.0,7.925
489,47.0,0.0,1.0,0.0,0.0,10.5
490,16.0,0.0,1.0,1.0,1.0,20.25
491,24.0,0.0,1.0,0.0,0.0,7.1417
492,3.0,0.0,1.0,1.0,1.0,18.75
493,29.0,0.0,1.0,0.0,0.0,7.8958
494,40.0,0.0,1.0,1.0,0.0,26.0
495,27.0,0.0,1.0,0.0,2.0,211.5
496,20.0,0.0,1.0,0.0,0.0,7.8542
497,36.0,0.0,1.0,0.0,0.0,40.125
498,16.0,0.0,1.0,1.0,3.0,34.375
499,20.0,1.0,0.0,0.0,0.0,8.6625
500,19.0,1.0,0.0,0.0,2.0,26.2833
501,39.0,0.0,1.0,0.0,0.0,13.0
502,57.0,0.0,1.0,0.0,0.0,12.35
503,45.0,1.0,0.0,1.0,1.0,26.25
504,23.66799824164886,0.0,1.0,1.0,0.0,15.5
505,8.0,0.0,1.0,1.0,1.0,36.75
506,10.939346712857652,1.0,0.0,8.0,2.0,69.55
507,36.0,1.0,0.0,0.0,2.0,12.1833
508,26.0,0.0,1.0,0.0,0.0,7.8958
509,34.0,0.0,1.0,0.0,0.0,6.4958
510,22.0,0.0,1.0,0.0,0.0,7.25
511,37.0,1.0,0.0,0.0,0.0,9.5875
512,26.0,1.0,0.0,1.0,1.0,22.025
513,49.0,1.0,0.0,1.0,0.0,76.7292
514,18.0,0.0,1.0,0.0,0.0,13.0
515,25.0,0.0,1.0,1.0,2.0,41.5792
516,42.0,0.0,1.0,1.0,1.0,32.5
517,30.845218743293493,1.0,0.0,3.0,1.0,25.4667
518,30.0,1.0,0.0,0.0,0.0,86.5
519,26.5,0.0,1.0,0.0,0.0,7.225
520,28.0,0.0,1.0,0.0,0.0,7.8542
521,35.0,0.0,1.0,0.0,0.0,26.2875
522,24.0,1.0,0.0,2.0,1.0,27.0
523,16.966776416085583,0.0,1.0,0.0,0.0,0.0
524,52.0,1.0,0.0,1.0,1.0,93.5
525,62.0,0.0,1.0,0.0,0.0,26.55
526,30.0,0.0,1.0,0.0,0.0,9.5
527,66.0,0.0,1.0,0.0,0.0,10.5
528,0.9167,1.0,0.0,1.0,2.0,27.75
529,64.0,1.0,0.0,0.0,2.0,83.1583
530,6.0,1.0,0.0,0.0,1.0,33.0
531,58.0,0.0,1.0,0.0,0.0,29.7
532,28.0,1.0,0.0,1.0,0.0,24.0
533,39.96704248097946,0.0,1.0,0.0,0.0,7.2292
534,36.79073081023568,0.0,1.0,0.0,0.0,8.05
535,2.0,0.0,1.0,1.0,1.0,26.0
536,28.0,1.0,0.0,0.0,0.0,12.65
537,48.0,1.0,0.0,1.0,1.0,79.2
538,47.409588627712004,0.0,1.0,0.0,0.0,7.2292
539,28.0,0.0,1.0,0.0,0.0,56.4958
540,31.0,1.0,0.0,1.0,1.0,26.25
541,50.0,0.0,1.0,2.0,0.0,133.65
542,19.0,0.0,1.0,0.0,0.0,10.5
543,35.0,0.0,1.0,0.0,0.0,512.3292
544,21.0,0.0,1.0,2.0,0.0,24.15
545,56.01813144978065,0.0,1.0,0.0,0.0,7.775
546,33.0,1.0,0.0,0.0,0.0,86.5
547,16.697775360524197,0.0,1.0,0.0,0.0,30.6958
548,32.0,0.0,1.0,0.0,0.0,7.925
549,23.0,1.0,0.0,0.0,0.0,8.6625
550,33.0,1.0,0.0,0.0,0.0,27.7208
551,19.0,0.0,1.0,0.0,0.0,8.1583
552,41.0,0.0,1.0,0.0,0.0,15.0458
553,24.0,0.0,1.0,2.0,0.0,24.15
554,20.0,0.0,1.0,1.0,0.0,7.925
555,26.0,0.0,1.0,0.0,0.0,7.775
556,11.775454951117496,0.0,1.0,0.0,0.0,7.0
557,13.0,0.0,1.0,2.0,2.0,262.375
558,30.0,0.0,1.0,0.0,0.0,12.7375
559,1.0,0.0,1.0,1.0,2.0,20.575
560,17.0,1.0,0.0,0.0,1.0,16.1
561,54.0,0.0,1.0,0.0,0.0,51.8625
562,0.8333,0.0,1.0,0.0,2.0,29.0
563,40.65386405997873,1.0,0.0,0.0,0.0,14.5
564,41.0,1.0,0.0,0.0,5.0,39.6875
565,57.0,0.0,1.0,1.0,0.0,146.5208
566,31.0,0.0,1.0,0.0,0.0,50.4958
567,19.554292879399817,0.0,1.0,0.0,0.0,39.6
568,21.0,0.0,1.0,0.0,0.0,7.8958
569,54.0,0.0,1.0,1.0,0.0,55.4417
570,13.0,1.0,0.0,0.0,1.0,19.5
571,33.0,1.0,0.0,1.0,0.0,53.1
572,27.0,0.0,1.0,0.0,0.0,15.0333
573,51.0,1.0,0.0,1.0,0.0,77.9583
574,42.0,0.0,1.0,0.0,1.0,8.4042
575,60.5,0.0,1.0,0.0,0.0,125.47630861724625
576,32.0,1.0,0.0,1.0,1.0,15.5
577,36.0,0.0,1.0,0.0,0.0,13.0
578,29.0,0.0,1.0,1.0,0.0,66.6
579,19.0,0.0,1.0,0.0,0.0,10.1708
580,32.0,0.0,1.0,0.0,0.0,7.8542
581,10.0,0.0,1.0,4.0,1.0,29.125
582,53.0,0.0,1.0,1.0,1.0,81.8583
583,25.0,0.0,1.0,1.0,0.0,7.775
584,19.14820946386962,0.0,1.0,0.0,0.0,8.05
585,22.0,1.0,0.0,0.0,0.0,7.725
586,23.0,1.0,0.0,0.0,0.0,7.8542
587,11.0,1.0,0.0,4.0,2.0,31.275
588,46.84511632594417,0.0,1.0,0.0,0.0,7.8958
589,17.0,0.0,1.0,0.0,0.0,73.5
590,45.5,0.0,1.0,0.0,0.0,28.5
591,49.756833375264826,1.0,0.0,0.0,0.0,7.75
592,64.0,0.0,1.0,1.0,4.0,263.0
593,19.0,0.0,1.0,0.0,0.0,6.75
594,29.0,0.0,1.0,0.0,0.0,7.8542
595,29.0,0.0,1.0,3.0,1.0,22.025
596,71.0,0.0,1.0,0.0,0.0,34.6542
597,14.0,1.0,0.0,1.0,0.0,11.2417
598,25.486144376592705,0.0,1.0,0.0,0.0,24.15
599,30.0,1.0,0.0,1.0,1.0,24.15
600,48.0,1.0,0.0,0.0,0.0,25.9292
601,44.33877791010554,0.0,1.0,0.0,0.0,7.225
602,45.34568881297235,0.0,1.0,0.0,0.0,7.75
603,41.0,1.0,0.0,0.0,1.0,19.5
604,31.45659143403122,0.0,1.0,1.0,0.0,15.5
605,33.0,1.0,0.0,0.0,2.0,26.0
606,54.0,1.0,0.0,1.0,0.0,78.2667
607,28.0,0.0,1.0,0.0,0.0,8.05
608,63.0,1.0,0.0,1.0,0.0,77.9583
609,33.06125924902807,0.0,1.0,0.0,0.0,8.05
610,63.0,1.0,0.0,0.0,0.0,9.5875
611,38.27011746845539,1.0,0.0,0.0,0.0,110.8833
612,28.0,1.0,0.0,0.0,0.0,7.775
613,22.0,1.0,0.0,0.0,0.0,9.8375
614,21.0,1.0,0.0,0.0,0.0,26.55
615,24.0,0.0,1.0,1.0,0.0,82.2667
616,17.705573445414363,0.0,1.0,2.0,0.0,21.6792
617,34.893505470138,0.0,1.0,0.0,0.0,7.8958
618,45.0,0.0,1.0,0.0,0.0,35.5
619,42.0,0.0,1.0,0.0,0.0,26.2875
620,16.0,0.0,1.0,0.0,0.0,9.2167
621,49.0,0.0,1.0,0.0,0.0,26.0
622,26.0,0.0,1.0,0.0,0.0,7.8958
623,30.0,0.0,1.0,1.0,0.0,57.75
624,50.0,0.0,1.0,0.0,0.0,13.0
625,28.0,0.0,1.0,0.0,0.0,7.8958
626,22.0,0.0,1.0,0.0,0.0,7.5208
627,19.381545429678383,1.0,0.0,0.0,0.0,7.225
628,36.0,0.0,1.0,0.0,0.0,0.0
629,32.0,0.0,1.0,0.0,0.0,8.3625
630,24.0,1.0,0.0,1.0,2.0,65.0
631,35.0,0.0,1.0,0.0,0.0,8.05
632,18.281406463674628,0.0,1.0,0.0,0.0,7.8958
633,21.757494417294517,0.0,1.0,1.0,2.0,23.45
634,19.0,0.0,1.0,0.0,0.0,0.0
635,57.0,0.0,1.0,1.0,1.0,164.8667
636,38.13419080049392,0.0,1.0,0.0,0.0,8.05
637,27.0,0.0,1.0,0.0,0.0,76.7292
638,4.0,0.0,1.0,1.0,1.0,11.1333
639,34.98457223802142,0.0,1.0,0.0,0.0,7.8958
640,22.5,0.0,1.0,0.0,0.0,7.225
641,32.0,0.0,1.0,2.0,0.0,73.5
642,18.0,0.0,1.0,0.0,0.0,8.05
643,47.0,0.0,1.0,1.0,0.0,227.525
644,53.33968399571535,1.0,0.0,0.0,0.0,7.8292
645,23.0,0.0,1.0,0.0,0.0,13.0
646,30.0,1.0,0.0,0.0,0.0,6.95
647,37.0,0.0,1.0,1.0,0.0,53.1
648,27.0,0.0,1.0,0.0,0.0,6.975
649,45.0,1.0,0.0,0.0,1.0,59.4
650,35.0,1.0,0.0,1.0,0.0,83.475
651,24.0,0.0,1.0,2.0,0.0,31.5
652,24.0,0.0,1.0,0.0,0.0,79.2
653,31.103866604572833,0.0,1.0,1.0,1.0,15.2458
654,16.242349496510442,0.0,1.0,0.0,0.0,7.775
655,25.0,0.0,1.0,0.0,0.0,7.65
656,16.0,1.0,0.0,0.0,0.0,86.5
657,15.427423769030717,1.0,0.0,0.0,0.0,7.75
658,5.0,1.0,0.0,1.0,2.0,27.75
659,28.5,0.0,1.0,0.0,0.0,27.7208
660,22.0,1.0,0.0,0.0,1.0,61.9792
661,62.0,0.0,1.0,0.0,0.0,10.5
662,20.0,0.0,1.0,1.0,1.0,15.7417
663,27.0,0.0,1.0,0.0,0.0,7.7958
664,21.0,0.0,1.0,1.0,0.0,11.5
665,23.0,0.0,1.0,0.0,0.0,7.05
666,27.0,1.0,0.0,0.0,1.0,12.475
667,-5.8797177619555825,1.0,0.0,1.0,9.0,69.55
668,38.0,0.0,1.0,1.0,0.0,21.0
669,-8.776550923634185,0.0,1.0,8.0,2.0,69.55
670,20.0,0.0,1.0,0.0,0.0,7.925
671,14.5,0.0,1.0,8.0,2.0,69.55
672,34.15504219656108,0.0,1.0,0.0,0.0,7.8792
673,29.0,1.0,0.0,0.0,2.0,15.2458
674,43.0,0.0,1.0,0.0,0.0,8.05
675,49.0,0.0,1.0,0.0,0.0,0.0
676,28.0,0.0,1.0,1.0,0.0,82.1708
677,51.0,0.0,1.0,0.0,0.0,7.0542
678,34.0,0.0,1.0,1.0,0.0,26.0
679,47.40613357690654,0.0,1.0,0.0,0.0,56.4958
680,36.0,0.0,1.0,1.0,1.0,24.15
681,32.0,0.0,1.0,0.0,0.0,7.75
682,1.0,1.0,0.0,1.0,1.0,16.7
683,21.0,1.0,0.0,0.0,0.0,77.9583
684,22.0,0.0,1.0,0.0,0.0,7.225
685,19.116651424958064,1.0,0.0,8.0,2.0,69.55
686,16.0,0.0,1.0,0.0,0.0,26.0
687,7.0,0.0,1.0,4.0,1.0,29.125
688,24.33369359372287,0.0,1.0,1.0,0.0,14.4542
689,32.80337711832106,0.0,1.0,0.0,0.0,8.05
690,34.0,1.0,0.0,1.0,1.0,32.5
691,40.0,0.0,1.0,1.0,1.0,15.5
692,42.62113579124809,0.0,1.0,0.0,0.0,7.55
693,46.0,0.0,1.0,0.0,0.0,75.2417
694,27.0,0.0,1.0,0.0,0.0,8.6625
695,21.491636818162807,0.0,1.0,1.0,0.0,19.9667
696,35.0,1.0,0.0,1.0,0.0,57.75
697,18.0,1.0,0.0,0.0,2.0,13.0
698,26.0,0.0,1.0,0.0,0.0,13.0
699,44.0,0.0,1.0,0.0,0.0,8.05
700,31.0,0.0,1.0,0.0,0.0,13.0
701,35.91116507110198,0.0,1.0,0.0,0.0,35.5
702,21.0,0.0,1.0,0.0,1.0,61.3792
703,24.0,1.0,0.0,3.0,2.0,263.0
704,23.0,0.0,1.0,0.0,0.0,7.7958
705,32.0,0.0,1.0,0.0,0.0,30.5
706,18.0,1.0,0.0,0.0,0.0,8.05
707,18.09110942943132,0.0,1.0,0.0,0.0,7.8292
708,2.0,1.0,0.0,0.0,1.0,10.4625
709,25.0,1.0,0.0,1.0,2.0,151.55
710,25.0,0.0,1.0,0.0,0.0,7.65
711,40.0,1.0,0.0,0.0,0.0,15.75
712,24.408684402579194,1.0,0.0,0.0,2.0,7.75
713,24.0,0.0,1.0,0.0,0.0,7.775
714,18.042189594101494,0.0,1.0,0.0,0.0,7.8958
715,52.0,0.0,1.0,0.0,0.0,13.5
716,18.5,0.0,1.0,0.0,0.0,13.0
717,30.0,1.0,0.0,0.0,0.0,13.0
718,29.51093556182437,0.0,1.0,0.0,0.0,7.75
719,19.0,1.0,0.0,1.0,0.0,7.8542
720,36.0,1.0,0.0,0.0,3.0,39.0
721,25.28208991658373,1.0,0.0,0.0,0.0,7.75
722,47.0,1.0,0.0,1.0,0.0,61.175
723,17.0,0.0,1.0,0.0,2.0,110.8833
724,35.0,1.0,0.0,1.0,0.0,90.0
725,22.0,0.0,1.0,0.0,0.0,7.125
726,50.0,0.0,1.0,1.0,0.0,106.425
727,22.0,0.0,1.0,0.0,0.0,7.775
728,34.0,0.0,1.0,0.0,0.0,8.05
729,17.0,0.0,1.0,1.0,0.0,7.0542
730,28.512457485385294,0.0,1.0,0.0,0.0,7.75
731,39.0,1.0,0.0,0.0,0.0,108.9
732,21.0,0.0,1.0,0.0,0.0,7.7958
733,30.0,0.0,1.0,0.0,0.0,7.25
734,21.39515083075759,0.0,1.0,0.0,0.0,7.8875
735,4.0,0.0,1.0,0.0,2.0,81.8583
736,15.0,1.0,0.0,0.0,1.0,211.3375
737,39.0,1.0,0.0,0.0,0.0,211.3375
738,18.0,0.0,1.0,0.0,0.0,11.5
739,23.0,0.0,1.0,0.0,1.0,63.3583
740,39.0,0.0,1.0,0.0,2.0,7.2292
741,60.0,1.0,0.0,1.0,0.0,26.0
742,44.0,0.0,1.0,0.0,0.0,7.925
743,44.0,0.0,1.0,0.0,1.0,16.1
744,18.838516096430233,0.0,1.0,0.0,0.0,51.8625
745,9.0,1.0,0.0,4.0,2.0,31.275
746,20.0,0.0,1.0,0.0,0.0,7.8542
747,28.0,1.0,0.0,1.0,1.0,14.4
748,40.0,0.0,1.0,0.0,0.0,13.0
749,15.0,1.0,0.0,0.0,0.0,8.0292
750,20.75765131127521,1.0,0.0,0.0,0.0,7.75
751,21.20671987199748,0.0,1.0,0.0,0.0,7.75
752,22.0,1.0,0.0,1.0,1.0,29.0
753,41.0,0.0,1.0,0.0,0.0,7.85
754,39.27154429168621,0.0,1.0,0.0,0.0,7.8958
755,26.0,0.0,1.0,0.0,0.0,7.8958
756,19.0,1.0,0.0,1.0,1.0,15.7417
757,38.546433314958534,0.0,1.0,0.0,0.0,7.575
758,16.0,0.0,1.0,0.0,0.0,8.05
759,30.0,1.0,0.0,0.0,0.0,56.9292
760,38.0,1.0,0.0,1.0,0.0,71.2833
761,30.0,1.0,0.0,0.0,0.0,12.35
762,61.0,0.0,1.0,0.0,0.0,12.35
763,19.0,1.0,0.0,0.0,0.0,7.8792
764,35.22226088409123,0.0,1.0,0.0,0.0,31.0
765,12.765330781281317,0.0,1.0,0.0,0.0,8.05
766,20.5,0.0,1.0,0.0,0.0,7.25
767,34.0,0.0,1.0,1.0,0.0,21.0
768,36.0,1.0,0.0,0.0,0.0,135.6333
769,0.6667,0.0,1.0,1.0,1.0,14.5
770,21.0,0.0,1.0,0.0,0.0,7.8208
771,47.0,0.0,1.0,0.0,0.0,25.5875
772,29.580449816454273,0.0,1.0,1.0,0.0,7.75
773,11.68101653783383,0.0,1.0,0.0,0.0,7.55
774,3.9537434477987716,0.0,1.0,0.0,0.0,30.5
775,25.665735499187917,0.0,1.0,0.0,0.0,7.75
776,6.0,0.0,1.0,0.0,2.0,134.5
777,41.0,0.0,1.0,0.0,0.0,7.125
778,26.0,0.0,1.0,0.0,0.0,13.0
779,21.0,0.0,1.0,0.0,0.0,7.8542
780,2.0,0.0,1.0,4.0,1.0,29.125
781,34.0,0.0,1.0,0.0,0.0,13.0
782,18.0,0.0,1.0,1.0,1.0,7.8542
783,14.0,0.0,1.0,5.0,2.0,46.9
784,48.0,1.0,0.0,1.0,3.0,262.375
785,31.0,1.0,0.0,1.0,1.0,20.525
786,26.0,0.0,1.0,1.0,0.0,7.8542
787,38.0,0.0,1.0,0.0,0.0,0.0
788,32.0,0.0,1.0,0.0,0.0,7.925
789,56.0,0.0,1.0,0.0,0.0,26.55
790,36.0,1.0,0.0,1.0,0.0,26.0
791,17.0,1.0,0.0,1.0,0.0,57.0
792,23.0,0.0,1.0,0.0,0.0,13.0
793,26.0,0.0,1.0,0.0,0.0,7.775
794,42.0,0.0,1.0,0.0,0.0,26.55
795,21.0,0.0,1.0,0.0,0.0,7.775
796,38.0,1.0,0.0,1.0,5.0,31.3875
797,64.0,0.0,1.0,0.0,0.0,26.0
798,28.0,1.0,0.0,0.0,0.0,13.0
799,20.0,0.0,1.0,0.0,0.0,7.8542
800,21.0,1.0,0.0,2.0,2.0,34.375
801,35.0,1.0,0.0,1.0,1.0,20.25
802,19.286778903569704,1.0,0.0,0.0,0.0,7.7792
803,13.0,0.0,1.0,0.0,2.0,20.25
804,30.0,0.0,1.0,0.0,0.0,8.05
805,60.0,1.0,0.0,1.0,4.0,263.0
806,34.03096871081334,0.0,1.0,0.0,0.0,7.75
807,71.0,0.0,1.0,0.0,0.0,49.5042
808,45.0,1.0,0.0,0.0,1.0,14.4542
809,50.60453441884571,0.0,1.0,0.0,0.0,7.3125
810,24.0,1.0,0.0,1.0,0.0,27.7208
811,23.0,1.0,0.0,0.0,0.0,13.7917
812,38.69341084082334,0.0,1.0,0.0,0.0,8.05
813,44.0,0.0,1.0,2.0,0.0,90.0
814,14.0,1.0,0.0,1.0,2.0,120.0
815,36.0,0.0,1.0,0.0,0.0,12.875
816,60.0,0.0,1.0,0.0,0.0,26.55
817,40.63972604724311,0.0,1.0,0.0,0.0,7.2292
818,55.0,1.0,0.0,0.0,0.0,16.0
819,51.23129806939409,1.0,0.0,0.0,0.0,8.05
820,35.0,0.0,1.0,0.0,0.0,10.5
821,61.0,0.0,1.0,0.0,0.0,33.5
822,43.0,0.0,1.0,0.0,0.0,7.8958
823,29.0,1.0,0.0,1.0,1.0,10.4625
824,55.5,0.0,1.0,0.0,0.0,8.05
825,6.387686279640716,1.0,0.0,8.0,2.0,69.55
826,32.0,0.0,1.0,0.0,0.0,13.5
827,22.0,0.0,1.0,0.0,0.0,7.25
828,36.0,0.0,1.0,0.0,0.0,13.0
829,9.0,0.0,1.0,5.0,2.0,46.9
830,23.0,0.0,1.0,0.0,0.0,9.225
831,33.40840893144426,0.0,1.0,0.0,0.0,7.2292
832,29.0,1.0,0.0,1.0,0.0,26.0
833,25.0,0.0,1.0,0.0,0.0,7.2292
834,60.0,1.0,0.0,1.0,0.0,75.25
835,34.28372470100455,0.0,1.0,0.0,0.0,7.75
836,16.0,1.0,0.0,0.0,1.0,57.9792
837,49.0,1.0,0.0,0.0,0.0,25.9292
838,27.0,0.0,1.0,0.0,0.0,8.6625
839,45.78298212006141,0.0,1.0,0.0,0.0,7.8958
840,18.0,0.0,1.0,0.0,0.0,73.5
841,61.0,0.0,1.0,0.0,0.0,6.2375
842,24.972959468661408,1.0,0.0,0.0,0.0,7.7208
843,16.0,0.0,1.0,4.0,1.0,39.6875
844,16.0,0.0,1.0,0.0,0.0,7.775
845,17.0,0.0,1.0,0.0,0.0,7.8958
846,39.47718195311272,1.0,0.0,1.0,0.0,52.0
847,23.115147998974027,1.0,0.0,3.0,1.0,25.4667
848,45.0,1.0,0.0,0.0,0.0,7.225
849,25.0,0.0,1.0,0.0,0.0,10.5
850,37.0,0.0,1.0,1.0,1.0,83.1583
851,32.5,0.0,1.0,0.0,0.0,211.5
852,20.0,0.0,1.0,0.0,0.0,7.925
853,23.91232472273591,0.0,1.0,0.0,0.0,8.4583
854,0.9280988058462327,0.0,1.0,0.0,0.0,7.8958
855,22.0,0.0,1.0,0.0,0.0,9.0
856,39.0,0.0,1.0,1.0,5.0,31.275
857,17.0,0.0,1.0,0.0,0.0,7.125
858,9.0,1.0,0.0,3.0,2.0,27.9
859,17.0,1.0,0.0,0.0,0.0,7.7333
860,50.0,1.0,0.0,0.0,1.0,247.5208
861,11.5,0.0,1.0,1.0,1.0,14.5
862,0.8333,0.0,1.0,1.0,1.0,18.75
863,33.0,1.0,0.0,1.0,0.0,90.0
864,20.0,1.0,0.0,1.0,0.0,9.825
865,37.0,1.0,0.0,1.0,0.0,90.0
866,19.88560990724465,0.0,1.0,0.0,0.0,8.05
867,32.0,0.0,1.0,0.0,0.0,7.8958
868,37.88771740463054,0.0,1.0,0.0,0.0,7.75
869,29.20846555484083,0.0,1.0,1.0,1.0,22.3583
870,45.0,0.0,1.0,0.0,0.0,6.975
871,39.0,0.0,1.0,0.0,0.0,24.15
872,5.0,1.0,0.0,2.0,1.0,19.2583
873,4.0,1.0,0.0,1.0,1.0,16.7
874,16.0,1.0,0.0,5.0,2.0,46.9
875,24.0,1.0,0.0,1.0,0.0,26.0
876,55.0,0.0,1.0,1.0,1.0,93.5
877,3.0,0.0,1.0,4.0,2.0,31.3875
878,29.0,0.0,1.0,0.0,0.0,9.5
879,39.0,0.0,1.0,1.0,0.0,71.2833
880,37.0,0.0,1.0,0.0,1.0,29.7
881,10.0,1.0,0.0,5.0,2.0,46.9
882,58.0,0.0,1.0,0.0,2.0,113.275
883,45.5,0.0,1.0,0.0,0.0,7.225
884,24.0,0.0,1.0,1.0,0.0,60.0
885,22.687858822939994,0.0,1.0,0.0,0.0,7.8958
886,18.0,1.0,0.0,1.0,0.0,227.525
887,35.0,1.0,0.0,1.0,0.0,53.1
888,39.0,1.0,0.0,1.0,1.0,110.8833
889,42.0,0.0,1.0,0.0,0.0,13.0
890,30.0,1.0,0.0,0.0,0.0,12.475
891,31.0,1.0,0.0,0.0,0.0,21.0
892,18.0,1.0,0.0,0.0,1.0,9.35
893,27.0,0.0,1.0,0.0,0.0,8.6625
894,76.0,1.0,0.0,1.0,0.0,78.85
895,34.0,1.0,0.0,0.0,0.0,13.0
896,22.0,0.0,1.0,1.0,0.0,7.25
897,50.0,1.0,0.0,1.0,1.0,211.5
898,19.0,0.0,1.0,0.0,0.0,8.05
899,23.0,1.0,0.0,0.0,0.0,7.55
900,48.0,1.0,0.0,1.0,3.0,34.375
901,24.0,0.0,1.0,0.0,0.0,7.8958
902,2.0,1.0,0.0,1.0,1.0,26.0
903,31.0,0.0,1.0,0.0,0.0,7.7333
904,25.078106623930832,0.0,1.0,1.0,0.0,7.75
905,36.38015891620217,0.0,1.0,0.0,0.0,7.225
906,29.0,0.0,1.0,0.0,0.0,7.875
907,10.0,1.0,0.0,0.0,2.0,24.15
908,13.385613284360872,1.0,0.0,0.0,0.0,7.75
909,34.0,0.0,1.0,0.0,0.0,13.0
910,18.0,1.0,0.0,0.0,0.0,7.775
911,24.0,0.0,1.0,0.0,0.0,9.5
912,25.0,1.0,0.0,0.0,1.0,26.0
913,28.5,0.0,1.0,0.0,0.0,7.2292
914,36.0,1.0,0.0,0.0,0.0,31.6792
915,18.0,1.0,0.0,2.0,2.0,262.375
916,36.0,1.0,0.0,0.0,0.0,13.0
917,45.0,0.0,1.0,1.0,1.0,134.5
918,23.0,0.0,1.0,2.0,1.0,11.5
919,32.0,0.0,1.0,0.0,0.0,56.4958
920,28.4984619921241,0.0,1.0,0.0,0.0,8.05
921,20.0577424216295,1.0,0.0,2.0,0.0,23.25
922,41.0,0.0,1.0,1.0,0.0,51.8625
923,32.17735307136231,0.0,1.0,0.0,0.0,6.8583
924,3.0,0.0,1.0,1.0,1.0,15.9
925,22.0,0.0,1.0,0.0,0.0,8.05
926,31.530732043147722,0.0,1.0,0.0,0.0,7.7292
927,1.0,1.0,0.0,0.0,2.0,15.7417
928,30.5,0.0,1.0,0.0,0.0,8.05
929,38.0,1.0,0.0,0.0,0.0,227.525
930,35.0,0.0,1.0,0.0,0.0,12.35
931,54.0,0.0,1.0,0.0,1.0,77.2875
932,36.0,0.0,1.0,0.0,0.0,9.5
933,48.0,1.0,0.0,1.0,2.0,65.0
934,36.0,1.0,0.0,0.0,0.0,13.0
935,30.0,1.0,0.0,0.0,0.0,8.6625
936,26.1601582358313,0.0,1.0,0.0,0.0,6.95
937,34.0,0.0,1.0,1.0,1.0,14.4
938,41.0,0.0,1.0,0.0,0.0,13.0
939,25.0,0.0,1.0,0.0,0.0,7.7417
940,51.0,0.0,1.0,0.0,1.0,61.3792
941,24.0,1.0,0.0,0.0,0.0,69.3
942,39.0,1.0,0.0,0.0,5.0,29.125
943,37.56406196380173,0.0,1.0,1.0,0.0,16.1
944,23.0,0.0,1.0,0.0,0.0,7.8958
945,20.0,1.0,0.0,0.0,0.0,7.8542
946,5.0,1.0,0.0,0.0,0.0,12.475
947,8.0,1.0,0.0,3.0,1.0,21.075
948,10.489567788138508,0.0,1.0,0.0,0.0,7.25
949,6.349373087914273,0.0,1.0,0.0,0.0,7.75
950,36.0,0.0,1.0,0.0,0.0,7.4958
951,19.0,0.0,1.0,3.0,2.0,263.0
952,30.0,0.0,1.0,0.0,0.0,13.0
953,54.0,1.0,0.0,1.0,0.0,59.4
954,29.275336187121944,0.0,1.0,0.0,0.0,26.0
955,38.0,0.0,1.0,0.0,0.0,8.6625
956,18.0,0.0,1.0,0.0,0.0,11.5
957,47.0,0.0,1.0,0.0,0.0,15.0
958,19.0,0.0,1.0,0.0,0.0,10.5
959,18.5,0.0,1.0,0.0,0.0,7.2292
960,18.0,1.0,0.0,1.0,0.0,60.0
961,18.0,1.0,0.0,0.0,0.0,7.8792
962,48.22867470736491,0.0,1.0,0.0,0.0,12.875
963,20.837177086663875,1.0,0.0,0.0,0.0,7.7875
964,26.0,1.0,0.0,0.0,2.0,13.775
965,22.0,1.0,0.0,1.0,0.0,13.9
966,27.0,1.0,0.0,1.0,0.0,21.0
967,5.0,1.0,0.0,4.0,2.0,31.3875
968,40.5,0.0,1.0,0.0,0.0,15.1
969,50.0,0.0,1.0,0.0,0.0,26.0
970,22.0,0.0,1.0,0.0,0.0,7.7958
971,23.0,1.0,0.0,0.0,1.0,83.1583
972,40.0,0.0,1.0,1.0,6.0,46.9
973,31.0,0.0,1.0,1.0,0.0,57.0
974,34.0,1.0,0.0,0.0,1.0,23.0
975,39.0,0.0,1.0,0.0,0.0,7.925
976,24.0,0.0,1.0,1.0,0.0,16.1
977,25.0,1.0,0.0,1.0,0.0,7.925
978,53.0,1.0,0.0,0.0,0.0,27.4458
979,46.0,0.0,1.0,0.0,0.0,79.2
980,20.0,0.0,1.0,0.0,0.0,7.225
981,33.0,0.0,1.0,0.0,0.0,12.275
982,35.0,1.0,0.0,0.0,0.0,135.6333
983,27.0,0.0,1.0,1.0,0.0,26.0
984,24.0,0.0,1.0,0.0,0.0,8.6625
985,25.0,0.0,1.0,1.0,0.0,26.0
986,22.0,1.0,0.0,0.0,0.0,7.75
987,29.0,0.0,1.0,0.0,0.0,7.925
988,17.939481467422624,1.0,0.0,1.0,0.0,89.1042
989,60.0,0.0,1.0,1.0,1.0,79.2
990,30.0,0.0,1.0,1.0,0.0,24.0
991,51.1066177321613,0.0,1.0,0.0,0.0,15.5
992,23.0,0.0,1.0,0.0,0.0,13.0
993,1.0,1.0,0.0,1.0,1.0,11.1333
994,18.0,0.0,1.0,0.0,0.0,7.75
995,17.783365515940005,0.0,1.0,0.0,0.0,7.8958
996,26.816701481901724,0.0,1.0,0.0,0.0,13.0
997,13.0,1.0,0.0,0.0,0.0,7.2292
998,22.0,1.0,0.0,0.0,0.0,7.75
999,26.0,1.0,0.0,0.0,0.0,13.5
1000,39.044940962300046,0.0,1.0,0.0,0.0,7.75
1001,50.0,0.0,1.0,1.0,0.0,14.5
1002,21.0,0.0,1.0,0.0,0.0,7.75
1003,1.0,1.0,0.0,1.0,2.0,41.5792
1004,22.102687820691187,0.0,1.0,0.0,0.0,7.55
1005,37.0,0.0,1.0,2.0,0.0,7.925
1006,27.0,0.0,1.0,1.0,0.0,53.1
1007,30.0,0.0,1.0,0.0,0.0,7.2292
1008,18.805772078290634,1.0,0.0,0.0,0.0,7.6292
1009,19.0,0.0,1.0,1.0,1.0,36.75
1010,4.0,1.0,0.0,1.0,1.0,23.0
1011,2.0,1.0,0.0,1.0,1.0,20.2125
1012,24.0,1.0,0.0,0.0,2.0,16.7
1013,20.0,0.0,1.0,0.0,0.0,4.0125
1014,30.0,0.0,1.0,0.0,0.0,13.0
1015,19.0,1.0,0.0,0.0,0.0,13.0
1016,15.0,1.0,0.0,0.0,2.0,39.0
1017,21.358321081102382,0.0,1.0,2.0,0.0,23.25
1018,29.0,0.0,1.0,0.0,0.0,13.8583
1019,13.0,0.0,1.0,4.0,2.0,31.3875
1020,22.0,1.0,0.0,1.0,2.0,41.5792
1021,4.0,1.0,0.0,0.0,2.0,22.025
1022,40.49910569943827,1.0,0.0,0.0,0.0,21.0
1023,41.065325025466926,1.0,0.0,1.0,2.0,23.45
1024,36.5,0.0,1.0,1.0,0.0,17.4
1025,49.0,0.0,1.0,1.0,0.0,89.1042
1026,3.5778801276888252,1.0,0.0,0.0,0.0,7.2292
1027,42.0,0.0,1.0,1.0,0.0,27.0
1028,50.0,0.0,1.0,1.0,0.0,55.9
1029,8.0,0.0,1.0,0.0,2.0,32.5
1030,20.0,1.0,0.0,2.0,1.0,23.0
1031,30.0,1.0,0.0,0.0,0.0,106.425
1032,17.0,0.0,1.0,0.0,0.0,8.6625
1033,17.57004213605195,0.0,1.0,0.0,0.0,7.225
1034,18.0,0.0,1.0,0.0,0.0,7.75
1035,54.26145687244479,0.0,1.0,0.0,0.0,7.55
1036,36.0,1.0,0.0,1.0,0.0,17.4
1037,29.0,0.0,1.0,1.0,0.0,21.0
1038,19.0,0.0,1.0,0.0,0.0,7.775
1039,33.91965460583366,0.0,1.0,0.0,0.0,7.05
1040,21.0,0.0,1.0,0.0,1.0,77.2875
1041,34.0,0.0,1.0,0.0,0.0,26.55
1042,4.0,0.0,1.0,4.0,1.0,29.125
1043,32.55760097929245,0.0,1.0,0.0,0.0,8.05
1044,39.0,1.0,0.0,1.0,1.0,83.1583
1045,44.313088224021676,0.0,1.0,0.0,0.0,29.7
1046,19.0,0.0,1.0,0.0,0.0,7.8958
